index,date,date,month_num,month_name,year,season,time_period,n_sick,calls,n_duty,n_sby,sby_need,dafted
0,01-04-2016,01-04-2016,4,April,2016,Summer,Apr-16,73,8154,1700,90,4,0
1,02-04-2016,02-04-2016,4,April,2016,Summer,Apr-16,64,8526,1700,90,70,0
2,03-04-2016,03-04-2016,4,April,2016,Summer,Apr-16,68,8088,1700,90,0,0
3,04-04-2016,04-04-2016,4,April,2016,Summer,Apr-16,71,7044,1700,90,0,0
4,05-04-2016,05-04-2016,4,April,2016,Summer,Apr-16,63,7236,1700,90,0,0
5,06-04-2016,06-04-2016,4,April,2016,Summer,Apr-16,70,6492,1700,90,0,0
6,07-04-2016,07-04-2016,4,April,2016,Summer,Apr-16,64,6204,1700,90,0,0
7,08-04-2016,08-04-2016,4,April,2016,Summer,Apr-16,62,7614,1700,90,0,0
8,09-04-2016,09-04-2016,4,April,2016,Summer,Apr-16,51,5706,1700,90,0,0
9,10-04-2016,10-04-2016,4,April,2016,Summer,Apr-16,54,6606,1700,90,0,0
10,11-04-2016,11-04-2016,4,April,2016,Summer,Apr-16,50,6822,1700,90,0,0
11,12-04-2016,12-04-2016,4,April,2016,Summer,Apr-16,49,6060,1700,90,0,0
12,13-04-2016,13-04-2016,4,April,2016,Summer,Apr-16,53,5964,1700,90,0,0
13,14-04-2016,14-04-2016,4,April,2016,Summer,Apr-16,52,5928,1700,90,0,0
14,15-04-2016,15-04-2016,4,April,2016,Summer,Apr-16,63,7608,1700,90,0,0
15,16-04-2016,16-04-2016,4,April,2016,Summer,Apr-16,55,6768,1700,90,0,0
16,17-04-2016,17-04-2016,4,April,2016,Summer,Apr-16,51,7242,1700,90,0,0
17,18-04-2016,18-04-2016,4,April,2016,Summer,Apr-16,59,6768,1700,90,0,0
18,19-04-2016,19-04-2016,4,April,2016,Summer,Apr-16,57,8676,1700,90,93,3
19,20-04-2016,20-04-2016,4,April,2016,Summer,Apr-16,53,6270,1700,90,0,0
20,21-04-2016,21-04-2016,4,April,2016,Summer,Apr-16,63,7818,1700,90,0,0
21,22-04-2016,22-04-2016,4,April,2016,Summer,Apr-16,68,5712,1700,90,0,0
22,23-04-2016,23-04-2016,4,April,2016,Summer,Apr-16,62,5166,1700,90,0,0
23,24-04-2016,24-04-2016,4,April,2016,Summer,Apr-16,71,4884,1700,90,0,0
24,25-04-2016,25-04-2016,4,April,2016,Summer,Apr-16,72,5880,1700,90,0,0
25,26-04-2016,26-04-2016,4,April,2016,Summer,Apr-16,65,6576,1700,90,0,0
26,27-04-2016,27-04-2016,4,April,2016,Summer,Apr-16,62,7620,1700,90,0,0
27,28-04-2016,28-04-2016,4,April,2016,Summer,Apr-16,66,6870,1700,90,0,0
28,29-04-2016,29-04-2016,4,April,2016,Summer,Apr-16,64,7554,1700,90,0,0
29,30-04-2016,30-04-2016,4,May,2016,Summer,Apr-16,65,5424,1700,90,0,0
30,01-05-2016,01-05-2016,5,May,2016,Summer,May-16,54,8400,1700,90,34,0
31,02-05-2016,02-05-2016,5,May,2016,Summer,May-16,63,7782,1700,90,0,0
32,03-05-2016,03-05-2016,5,May,2016,Summer,May-16,61,7716,1700,90,0,0
33,04-05-2016,04-05-2016,5,May,2016,Summer,May-16,58,8340,1700,90,26,0
34,05-05-2016,05-05-2016,5,May,2016,Summer,May-16,57,8064,1700,90,0,0
35,06-05-2016,06-05-2016,5,May,2016,Summer,May-16,59,7404,1700,90,0,0
36,07-05-2016,07-05-2016,5,May,2016,Summer,May-16,57,8868,1700,90,131,41
37,08-05-2016,08-05-2016,5,May,2016,Summer,May-16,61,6504,1700,90,0,0
38,09-05-2016,09-05-2016,5,May,2016,Summer,May-16,65,7788,1700,90,0,0
39,10-05-2016,10-05-2016,5,May,2016,Summer,May-16,68,6978,1700,90,0,0
40,11-05-2016,11-05-2016,5,May,2016,Summer,May-16,61,7512,1700,90,0,0
41,12-05-2016,12-05-2016,5,May,2016,Summer,May-16,55,7434,1700,90,0,0
42,13-05-2016,13-05-2016,5,May,2016,Summer,May-16,56,8370,1700,90,30,0
43,14-05-2016,14-05-2016,5,May,2016,Summer,May-16,50,8136,1700,90,0,0
44,15-05-2016,15-05-2016,5,May,2016,Summer,May-16,57,7674,1700,90,0,0
45,16-05-2016,16-05-2016,5,May,2016,Summer,May-16,52,9048,1700,90,162,72
46,17-05-2016,17-05-2016,5,May,2016,Summer,May-16,53,8550,1700,90,63,0
47,18-05-2016,18-05-2016,5,May,2016,Summer,May-16,52,8184,1700,90,0,0
48,19-05-2016,19-05-2016,5,May,2016,Summer,May-16,51,8352,1700,90,22,0
49,20-05-2016,20-05-2016,5,May,2016,Summer,May-16,57,5790,1700,90,0,0
50,21-05-2016,21-05-2016,5,May,2016,Summer,May-16,56,8382,1700,90,33,0
51,22-05-2016,22-05-2016,5,May,2016,Summer,May-16,58,6516,1700,90,0,0
52,23-05-2016,23-05-2016,5,May,2016,Summer,May-16,57,7824,1700,90,0,0
53,24-05-2016,24-05-2016,5,May,2016,Summer,May-16,55,6312,1700,90,0,0
54,25-05-2016,25-05-2016,5,May,2016,Summer,May-16,49,8196,1700,90,0,0
55,26-05-2016,26-05-2016,5,May,2016,Summer,May-16,46,8124,1700,90,0,0
56,27-05-2016,27-05-2016,5,May,2016,Summer,May-16,50,6084,1700,90,0,0
57,28-05-2016,28-05-2016,5,May,2016,Summer,May-16,50,6174,1700,90,0,0
58,29-05-2016,29-05-2016,5,May,2016,Summer,May-16,52,6984,1700,90,0,0
59,30-05-2016,30-05-2016,5,May,2016,Summer,May-16,59,8670,1700,90,93,3
60,31-05-2016,31-05-2016,5,June,2016,Summer,May-16,59,8004,1700,90,0,0
61,01-06-2016,01-06-2016,6,June,2016,Summer,Jun-16,64,7656,1700,90,0,0
62,02-06-2016,02-06-2016,6,June,2016,Summer,Jun-16,63,8298,1700,90,23,0
63,03-06-2016,03-06-2016,6,June,2016,Summer,Jun-16,69,8922,1700,90,154,64
64,04-06-2016,04-06-2016,6,June,2016,Summer,Jun-16,67,9426,1700,90,253,163
65,05-06-2016,05-06-2016,6,June,2016,Summer,Jun-16,61,8514,1700,90,64,0
66,06-06-2016,06-06-2016,6,June,2016,Summer,Jun-16,62,9426,1700,90,248,158
67,07-06-2016,07-06-2016,6,June,2016,Summer,Jun-16,53,9414,1700,90,236,146
68,08-06-2016,08-06-2016,6,June,2016,Summer,Jun-16,50,7260,1700,90,0,0
69,09-06-2016,09-06-2016,6,June,2016,Summer,Jun-16,48,6762,1700,90,0,0
70,10-06-2016,10-06-2016,6,June,2016,Summer,Jun-16,53,7230,1700,90,0,0
71,11-06-2016,11-06-2016,6,June,2016,Summer,Jun-16,51,7710,1700,90,0,0
72,12-06-2016,12-06-2016,6,June,2016,Summer,Jun-16,59,6462,1700,90,0,0
73,13-06-2016,13-06-2016,6,June,2016,Summer,Jun-16,66,8790,1700,90,124,34
74,14-06-2016,14-06-2016,6,June,2016,Summer,Jun-16,58,8160,1700,90,0,0
75,15-06-2016,15-06-2016,6,June,2016,Summer,Jun-16,53,8538,1700,90,61,0
76,16-06-2016,16-06-2016,6,June,2016,Summer,Jun-16,55,8094,1700,90,0,0
77,17-06-2016,17-06-2016,6,June,2016,Summer,Jun-16,54,6918,1700,90,0,0
78,18-06-2016,18-06-2016,6,June,2016,Summer,Jun-16,54,6894,1700,90,0,0
79,19-06-2016,19-06-2016,6,June,2016,Summer,Jun-16,56,6840,1700,90,0,0
80,20-06-2016,20-06-2016,6,June,2016,Summer,Jun-16,57,8562,1700,90,70,0
81,21-06-2016,21-06-2016,6,June,2016,Summer,Jun-16,60,8754,1700,90,111,21
82,22-06-2016,22-06-2016,6,June,2016,Summer,Jun-16,61,8058,1700,90,0,0
83,23-06-2016,23-06-2016,6,June,2016,Summer,Jun-16,60,8316,1700,90,24,0
84,24-06-2016,24-06-2016,6,June,2016,Summer,Jun-16,53,5916,1700,90,0,0
85,25-06-2016,25-06-2016,6,June,2016,Summer,Jun-16,45,7272,1700,90,0,0
86,26-06-2016,26-06-2016,6,June,2016,Summer,Jun-16,48,7794,1700,90,0,0
87,27-06-2016,27-06-2016,6,June,2016,Summer,Jun-16,50,8964,1700,90,143,53
88,28-06-2016,28-06-2016,6,June,2016,Summer,Jun-16,44,7788,1700,90,0,0
89,29-06-2016,29-06-2016,6,June,2016,Summer,Jun-16,44,6600,1700,90,0,0
90,30-06-2016,30-06-2016,6,July,2016,Summer,Jun-16,48,6708,1700,90,0,0
91,01-07-2016,01-07-2016,7,July,2016,Monsoon,Jul-16,41,8742,1700,90,90,0
92,02-07-2016,02-07-2016,7,July,2016,Monsoon,Jul-16,40,7116,1700,90,0,0
93,03-07-2016,03-07-2016,7,July,2016,Monsoon,Jul-16,46,8376,1700,90,22,0
94,04-07-2016,04-07-2016,7,July,2016,Monsoon,Jul-16,50,8526,1700,90,56,0
95,05-07-2016,05-07-2016,7,July,2016,Monsoon,Jul-16,47,8550,1700,90,57,0
96,06-07-2016,06-07-2016,7,July,2016,Monsoon,Jul-16,51,9702,1700,90,292,202
97,07-07-2016,07-07-2016,7,July,2016,Monsoon,Jul-16,60,8442,1700,90,49,0
98,08-07-2016,08-07-2016,7,July,2016,Monsoon,Jul-16,64,9024,1700,90,169,79
99,09-07-2016,09-07-2016,7,July,2016,Monsoon,Jul-16,69,8532,1700,90,76,0
100,10-07-2016,10-07-2016,7,July,2016,Monsoon,Jul-16,70,7374,1700,90,0,0
101,11-07-2016,11-07-2016,7,July,2016,Monsoon,Jul-16,70,9492,1700,90,269,179
102,12-07-2016,12-07-2016,7,July,2016,Monsoon,Jul-16,52,8130,1700,90,0,0
103,13-07-2016,13-07-2016,7,July,2016,Monsoon,Jul-16,48,9012,1700,90,151,61
104,14-07-2016,14-07-2016,7,July,2016,Monsoon,Jul-16,48,9228,1700,90,194,104
105,15-07-2016,15-07-2016,7,July,2016,Monsoon,Jul-16,54,7626,1700,90,0,0
106,16-07-2016,16-07-2016,7,July,2016,Monsoon,Jul-16,58,6234,1700,90,0,0
107,17-07-2016,17-07-2016,7,July,2016,Monsoon,Jul-16,63,5592,1700,90,0,0
108,18-07-2016,18-07-2016,7,July,2016,Monsoon,Jul-16,67,7452,1700,90,0,0
109,19-07-2016,19-07-2016,7,July,2016,Monsoon,Jul-16,62,6744,1700,90,0,0
110,20-07-2016,20-07-2016,7,July,2016,Monsoon,Jul-16,69,6870,1700,90,0,0
111,21-07-2016,21-07-2016,7,July,2016,Monsoon,Jul-16,73,6924,1700,90,0,0
112,22-07-2016,22-07-2016,7,July,2016,Monsoon,Jul-16,67,8844,1700,90,136,46
113,23-07-2016,23-07-2016,7,July,2016,Monsoon,Jul-16,63,6450,1700,90,0,0
114,24-07-2016,24-07-2016,7,July,2016,Monsoon,Jul-16,60,5892,1700,90,0,0
115,25-07-2016,25-07-2016,7,July,2016,Monsoon,Jul-16,62,7368,1700,90,0,0
116,26-07-2016,26-07-2016,7,July,2016,Monsoon,Jul-16,53,7488,1700,90,0,0
117,27-07-2016,27-07-2016,7,July,2016,Monsoon,Jul-16,49,6684,1700,90,0,0
118,28-07-2016,28-07-2016,7,July,2016,Monsoon,Jul-16,51,7062,1700,90,0,0
119,29-07-2016,29-07-2016,7,July,2016,Monsoon,Jul-16,50,6978,1700,90,0,0
120,30-07-2016,30-07-2016,7,July,2016,Monsoon,Jul-16,49,6480,1700,90,0,0
121,31-07-2016,31-07-2016,7,August,2016,Monsoon,Jul-16,51,6210,1700,90,0,0
122,01-08-2016,01-08-2016,8,August,2016,Monsoon,Aug-16,53,10536,1700,90,461,371
123,02-08-2016,02-08-2016,8,August,2016,Monsoon,Aug-16,51,10392,1700,90,430,340
124,03-08-2016,03-08-2016,8,August,2016,Monsoon,Aug-16,49,9516,1700,90,253,163
125,04-08-2016,04-08-2016,8,August,2016,Monsoon,Aug-16,52,9840,1700,90,320,230
126,05-08-2016,05-08-2016,8,August,2016,Monsoon,Aug-16,49,9258,1700,90,201,111
127,06-08-2016,06-08-2016,8,August,2016,Monsoon,Aug-16,44,9006,1700,90,146,56
128,07-08-2016,07-08-2016,8,August,2016,Monsoon,Aug-16,46,5904,1700,90,0,0
129,08-08-2016,08-08-2016,8,August,2016,Monsoon,Aug-16,40,7428,1700,90,0,0
130,09-08-2016,09-08-2016,8,August,2016,Monsoon,Aug-16,37,6840,1700,90,0,0
131,10-08-2016,10-08-2016,8,August,2016,Monsoon,Aug-16,38,7506,1700,90,0,0
132,11-08-2016,11-08-2016,8,August,2016,Monsoon,Aug-16,45,8526,1700,90,51,0
133,12-08-2016,12-08-2016,8,August,2016,Monsoon,Aug-16,43,8256,1700,90,0,0
134,13-08-2016,13-08-2016,8,August,2016,Monsoon,Aug-16,38,6762,1700,90,0,0
135,14-08-2016,14-08-2016,8,August,2016,Monsoon,Aug-16,38,5778,1700,90,0,0
136,15-08-2016,15-08-2016,8,August,2016,Monsoon,Aug-16,42,7404,1700,90,0,0
137,16-08-2016,16-08-2016,8,August,2016,Monsoon,Aug-16,44,7134,1700,90,0,0
138,17-08-2016,17-08-2016,8,August,2016,Monsoon,Aug-16,47,6540,1700,90,0,0
139,18-08-2016,18-08-2016,8,August,2016,Monsoon,Aug-16,46,8670,1700,90,80,0
140,19-08-2016,19-08-2016,8,August,2016,Monsoon,Aug-16,45,8028,1700,90,0,0
141,20-08-2016,20-08-2016,8,August,2016,Monsoon,Aug-16,36,6318,1700,90,0,0
142,21-08-2016,21-08-2016,8,August,2016,Monsoon,Aug-16,44,8214,1700,90,0,0
143,22-08-2016,22-08-2016,8,August,2016,Monsoon,Aug-16,49,6654,1700,90,0,0
144,23-08-2016,23-08-2016,8,August,2016,Monsoon,Aug-16,48,8082,1700,90,0,0
145,24-08-2016,24-08-2016,8,August,2016,Monsoon,Aug-16,49,8430,1700,90,35,0
146,25-08-2016,25-08-2016,8,August,2016,Monsoon,Aug-16,52,7140,1700,90,0,0
147,26-08-2016,26-08-2016,8,August,2016,Monsoon,Aug-16,55,8082,1700,90,0,0
148,27-08-2016,27-08-2016,8,August,2016,Monsoon,Aug-16,48,7626,1700,90,0,0
149,28-08-2016,28-08-2016,8,August,2016,Monsoon,Aug-16,49,6990,1700,90,0,0
150,29-08-2016,29-08-2016,8,August,2016,Monsoon,Aug-16,60,6840,1700,90,0,0
151,30-08-2016,30-08-2016,8,August,2016,Monsoon,Aug-16,59,8592,1700,90,78,0
152,31-08-2016,31-08-2016,8,September,2016,Monsoon,Aug-16,54,8886,1700,90,132,42
153,01-09-2016,01-09-2016,9,September,2016,Monsoon,Sep-16,52,9318,1700,90,216,126
154,02-09-2016,02-09-2016,9,September,2016,Monsoon,Sep-16,61,9366,1700,90,235,145
155,03-09-2016,03-09-2016,9,September,2016,Monsoon,Sep-16,55,7380,1700,90,0,0
156,04-09-2016,04-09-2016,9,September,2016,Monsoon,Sep-16,69,7536,1700,90,0,0
157,05-09-2016,05-09-2016,9,September,2016,Monsoon,Sep-16,73,7548,1700,90,0,0
158,06-09-2016,06-09-2016,9,September,2016,Monsoon,Sep-16,67,7560,1700,90,0,0
159,07-09-2016,07-09-2016,9,September,2016,Monsoon,Sep-16,64,8568,1700,90,78,0
160,08-09-2016,08-09-2016,9,September,2016,Monsoon,Sep-16,67,8748,1700,90,117,27
161,09-09-2016,09-09-2016,9,September,2016,Monsoon,Sep-16,62,6582,1700,90,0,0
162,10-09-2016,10-09-2016,9,September,2016,Monsoon,Sep-16,59,7374,1700,90,0,0
163,11-09-2016,11-09-2016,9,September,2016,Monsoon,Sep-16,68,8202,1700,90,9,0
164,12-09-2016,12-09-2016,9,September,2016,Monsoon,Sep-16,72,6564,1700,90,0,0
165,13-09-2016,13-09-2016,9,September,2016,Monsoon,Sep-16,65,7230,1700,90,0,0
166,14-09-2016,14-09-2016,9,September,2016,Monsoon,Sep-16,68,8514,1700,90,71,0
167,15-09-2016,15-09-2016,9,September,2016,Monsoon,Sep-16,75,8280,1700,90,31,0
168,16-09-2016,16-09-2016,9,September,2016,Monsoon,Sep-16,71,7824,1700,90,0,0
169,17-09-2016,17-09-2016,9,September,2016,Monsoon,Sep-16,74,6660,1700,90,0,0
170,18-09-2016,18-09-2016,9,September,2016,Monsoon,Sep-16,81,6126,1700,90,0,0
171,19-09-2016,19-09-2016,9,September,2016,Monsoon,Sep-16,75,7926,1700,90,0,0
172,20-09-2016,20-09-2016,9,September,2016,Monsoon,Sep-16,72,7362,1700,90,0,0
173,21-09-2016,21-09-2016,9,September,2016,Monsoon,Sep-16,80,8532,1700,90,87,0
174,22-09-2016,22-09-2016,9,September,2016,Monsoon,Sep-16,77,8286,1700,90,35,0
175,23-09-2016,23-09-2016,9,September,2016,Monsoon,Sep-16,76,5808,1700,90,0,0
176,24-09-2016,24-09-2016,9,September,2016,Monsoon,Sep-16,71,7842,1700,90,0,0
177,25-09-2016,25-09-2016,9,September,2016,Monsoon,Sep-16,79,5328,1700,90,0,0
178,26-09-2016,26-09-2016,9,September,2016,Monsoon,Sep-16,80,8550,1700,90,90,0
179,27-09-2016,27-09-2016,9,September,2016,Monsoon,Sep-16,90,7638,1700,90,0,0
180,28-09-2016,28-09-2016,9,September,2016,Monsoon,Sep-16,89,6924,1700,90,0,0
181,29-09-2016,29-09-2016,9,September,2016,Monsoon,Sep-16,89,8172,1700,90,24,0
182,30-09-2016,30-09-2016,9,October,2016,Monsoon,Sep-16,91,8520,1700,90,95,5
183,01-10-2016,01-10-2016,10,October,2016,"Monsoon""Winter",Oct-16,72,6492,1700,90,0,0
184,02-10-2016,02-10-2016,10,October,2016,"Monsoon""Winter",Oct-16,77,7872,1700,90,0,0
185,03-10-2016,03-10-2016,10,October,2016,"Monsoon""Winter",Oct-16,83,8004,1700,90,0,0
186,04-10-2016,04-10-2016,10,October,2016,"Monsoon""Winter",Oct-16,85,7398,1700,90,0,0
187,05-10-2016,05-10-2016,10,October,2016,"Monsoon""Winter",Oct-16,83,8136,1700,90,11,0
188,06-10-2016,06-10-2016,10,October,2016,"Monsoon""Winter",Oct-16,77,7020,1700,90,0,0
189,07-10-2016,07-10-2016,10,October,2016,"Monsoon""Winter",Oct-16,84,6072,1700,90,0,0
190,08-10-2016,08-10-2016,10,October,2016,"Monsoon""Winter",Oct-16,77,7176,1700,90,0,0
191,09-10-2016,09-10-2016,10,October,2016,"Monsoon""Winter",Oct-16,81,7842,1700,90,0,0
192,10-10-2016,10-10-2016,10,October,2016,"Monsoon""Winter",Oct-16,91,7818,1700,90,0,0
193,11-10-2016,11-10-2016,10,October,2016,"Monsoon""Winter",Oct-16,80,7908,1700,90,0,0
194,12-10-2016,12-10-2016,10,October,2016,"Monsoon""Winter",Oct-16,81,6396,1700,90,0,0
195,13-10-2016,13-10-2016,10,October,2016,"Monsoon""Winter",Oct-16,84,6930,1700,90,0,0
196,14-10-2016,14-10-2016,10,October,2016,"Monsoon""Winter",Oct-16,90,7728,1700,90,0,0
197,15-10-2016,15-10-2016,10,October,2016,"Monsoon""Winter",Oct-16,86,6954,1700,90,0,0
198,16-10-2016,16-10-2016,10,October,2016,"Monsoon""Winter",Oct-16,86,7614,1700,90,0,0
199,17-10-2016,17-10-2016,10,October,2016,"Monsoon""Winter",Oct-16,90,6666,1700,90,0,0
200,18-10-2016,18-10-2016,10,October,2016,"Monsoon""Winter",Oct-16,78,7200,1700,90,0,0
201,19-10-2016,19-10-2016,10,October,2016,"Monsoon""Winter",Oct-16,75,8094,1700,90,0,0
202,20-10-2016,20-10-2016,10,October,2016,"Monsoon""Winter",Oct-16,73,7440,1700,90,0,0
203,21-10-2016,21-10-2016,10,October,2016,"Monsoon""Winter",Oct-16,77,6234,1700,90,0,0
204,22-10-2016,22-10-2016,10,October,2016,"Monsoon""Winter",Oct-16,75,6660,1700,90,0,0
205,23-10-2016,23-10-2016,10,October,2016,"Monsoon""Winter",Oct-16,70,5004,1700,90,0,0
206,24-10-2016,24-10-2016,10,October,2016,"Monsoon""Winter",Oct-16,73,8544,1700,90,82,0
207,25-10-2016,25-10-2016,10,October,2016,"Monsoon""Winter",Oct-16,59,6204,1700,90,0,0
208,26-10-2016,26-10-2016,10,October,2016,"Monsoon""Winter",Oct-16,57,6108,1700,90,0,0
209,27-10-2016,27-10-2016,10,October,2016,"Monsoon""Winter",Oct-16,60,6366,1700,90,0,0
210,28-10-2016,28-10-2016,10,October,2016,"Monsoon""Winter",Oct-16,61,5430,1700,90,0,0
211,29-10-2016,29-10-2016,10,October,2016,"Monsoon""Winter",Oct-16,50,7980,1700,90,0,0
212,30-10-2016,30-10-2016,10,October,2016,"Monsoon""Winter",Oct-16,59,5730,1700,90,0,0
213,31-10-2016,31-10-2016,10,November,2016,"Monsoon""Winter",Oct-16,71,5874,1700,90,0,0
214,01-11-2016,01-11-2016,11,November,2016,Winter,Nov-16,65,9600,1700,90,285,195
215,02-11-2016,02-11-2016,11,November,2016,Winter,Nov-16,66,6576,1700,90,0,0
216,03-11-2016,03-11-2016,11,November,2016,Winter,Nov-16,62,8352,1700,90,33,0
217,04-11-2016,04-11-2016,11,November,2016,Winter,Nov-16,62,6984,1700,90,0,0
218,05-11-2016,05-11-2016,11,November,2016,Winter,Nov-16,47,5562,1700,90,0,0
219,06-11-2016,06-11-2016,11,November,2016,Winter,Nov-16,48,6366,1700,90,0,0
220,07-11-2016,07-11-2016,11,November,2016,Winter,Nov-16,57,7098,1700,90,0,0
221,08-11-2016,08-11-2016,11,November,2016,Winter,Nov-16,57,6552,1700,90,0,0
222,09-11-2016,09-11-2016,11,November,2016,Winter,Nov-16,55,6966,1700,90,0,0
223,10-11-2016,10-11-2016,11,November,2016,Winter,Nov-16,55,5730,1700,90,0,0
224,11-11-2016,11-11-2016,11,November,2016,Winter,Nov-16,57,7110,1700,90,0,0
225,12-11-2016,12-11-2016,11,November,2016,Winter,Nov-16,44,7140,1700,90,0,0
226,13-11-2016,13-11-2016,11,November,2016,Winter,Nov-16,48,6072,1700,90,0,0
227,14-11-2016,14-11-2016,11,November,2016,Winter,Nov-16,58,7710,1700,90,0,0
228,15-11-2016,15-11-2016,11,November,2016,Winter,Nov-16,64,8190,1700,90,2,0
229,16-11-2016,16-11-2016,11,November,2016,Winter,Nov-16,61,5598,1700,90,0,0
230,17-11-2016,17-11-2016,11,November,2016,Winter,Nov-16,62,6684,1700,90,0,0
231,18-11-2016,18-11-2016,11,November,2016,Winter,Nov-16,64,6276,1700,90,0,0
232,19-11-2016,19-11-2016,11,November,2016,Winter,Nov-16,59,5820,1700,90,0,0
233,20-11-2016,20-11-2016,11,November,2016,Winter,Nov-16,72,5160,1700,90,0,0
234,21-11-2016,21-11-2016,11,November,2016,Winter,Nov-16,70,7998,1700,90,0,0
235,22-11-2016,22-11-2016,11,November,2016,Winter,Nov-16,67,6852,1700,90,0,0
236,23-11-2016,23-11-2016,11,November,2016,Winter,Nov-16,73,8256,1700,90,25,0
237,24-11-2016,24-11-2016,11,November,2016,Winter,Nov-16,78,7494,1700,90,0,0
238,25-11-2016,25-11-2016,11,November,2016,Winter,Nov-16,76,7722,1700,90,0,0
239,26-11-2016,26-11-2016,11,November,2016,Winter,Nov-16,67,6438,1700,90,0,0
240,27-11-2016,27-11-2016,11,November,2016,Winter,Nov-16,65,5526,1700,90,0,0
241,28-11-2016,28-11-2016,11,November,2016,Winter,Nov-16,62,6558,1700,90,0,0
242,29-11-2016,29-11-2016,11,November,2016,Winter,Nov-16,55,6624,1700,90,0,0
243,30-11-2016,30-11-2016,11,December,2016,Winter,Nov-16,49,6384,1700,90,0,0
244,01-12-2016,01-12-2016,12,December,2016,#VALUE!,Dec-16,43,6450,1700,90,0,0
245,02-12-2016,02-12-2016,12,December,2016,#VALUE!,Dec-16,46,8436,1700,90,34,0
246,03-12-2016,03-12-2016,12,December,2016,#VALUE!,Dec-16,45,5748,1700,90,0,0
247,04-12-2016,04-12-2016,12,December,2016,#VALUE!,Dec-16,51,5532,1700,90,0,0
248,05-12-2016,05-12-2016,12,December,2016,#VALUE!,Dec-16,50,7674,1700,90,0,0
249,06-12-2016,06-12-2016,12,December,2016,#VALUE!,Dec-16,47,7422,1700,90,0,0
250,07-12-2016,07-12-2016,12,December,2016,#VALUE!,Dec-16,55,7086,1700,90,0,0
251,08-12-2016,08-12-2016,12,December,2016,#VALUE!,Dec-16,60,6174,1700,90,0,0
252,09-12-2016,09-12-2016,12,December,2016,#VALUE!,Dec-16,57,6120,1700,90,0,0
253,10-12-2016,10-12-2016,12,December,2016,#VALUE!,Dec-16,56,6942,1700,90,0,0
254,11-12-2016,11-12-2016,12,December,2016,#VALUE!,Dec-16,60,7098,1700,90,0,0
255,12-12-2016,12-12-2016,12,December,2016,#VALUE!,Dec-16,70,7506,1700,90,0,0
256,13-12-2016,13-12-2016,12,December,2016,#VALUE!,Dec-16,68,7116,1700,90,0,0
257,14-12-2016,14-12-2016,12,December,2016,#VALUE!,Dec-16,71,5934,1700,90,0,0
258,15-12-2016,15-12-2016,12,December,2016,#VALUE!,Dec-16,70,5118,1700,90,0,0
259,16-12-2016,16-12-2016,12,December,2016,#VALUE!,Dec-16,62,5802,1700,90,0,0
260,17-12-2016,17-12-2016,12,December,2016,#VALUE!,Dec-16,57,6642,1700,90,0,0
261,18-12-2016,18-12-2016,12,December,2016,#VALUE!,Dec-16,62,4692,1700,90,0,0
262,19-12-2016,19-12-2016,12,December,2016,#VALUE!,Dec-16,61,6798,1700,90,0,0
263,20-12-2016,20-12-2016,12,December,2016,#VALUE!,Dec-16,51,6480,1700,90,0,0
264,21-12-2016,21-12-2016,12,December,2016,#VALUE!,Dec-16,49,5244,1700,90,0,0
265,22-12-2016,22-12-2016,12,December,2016,#VALUE!,Dec-16,49,6000,1700,90,0,0
266,23-12-2016,23-12-2016,12,December,2016,#VALUE!,Dec-16,48,5496,1700,90,0,0
267,24-12-2016,24-12-2016,12,December,2016,#VALUE!,Dec-16,44,5172,1700,90,0,0
268,25-12-2016,25-12-2016,12,December,2016,#VALUE!,Dec-16,50,6030,1700,90,0,0
269,26-12-2016,26-12-2016,12,December,2016,#VALUE!,Dec-16,61,6714,1700,90,0,0
270,27-12-2016,27-12-2016,12,December,2016,#VALUE!,Dec-16,80,6828,1700,90,0,0
271,28-12-2016,28-12-2016,12,December,2016,#VALUE!,Dec-16,91,6096,1700,90,0,0
272,29-12-2016,29-12-2016,12,December,2016,#VALUE!,Dec-16,96,7326,1700,90,0,0
273,30-12-2016,30-12-2016,12,December,2016,#VALUE!,Dec-16,92,5478,1700,90,0,0
274,31-12-2016,31-12-2016,12,January,2016,#VALUE!,Dec-16,66,5754,1700,90,0,0
275,01-01-2017,01-01-2017,1,January,2017,Winter,Jan-17,60,6336,1800,90,0,0
276,02-01-2017,02-01-2017,1,January,2017,Winter,Jan-17,70,8550,1800,90,0,0
277,03-01-2017,03-01-2017,1,January,2017,Winter,Jan-17,74,8238,1800,90,0,0
278,04-01-2017,04-01-2017,1,January,2017,Winter,Jan-17,76,7902,1800,90,0,0
279,05-01-2017,05-01-2017,1,January,2017,Winter,Jan-17,76,8268,1800,90,0,0
280,06-01-2017,06-01-2017,1,January,2017,Winter,Jan-17,71,6054,1800,90,0,0
281,07-01-2017,07-01-2017,1,January,2017,Winter,Jan-17,81,7152,1800,90,0,0
282,08-01-2017,08-01-2017,1,January,2017,Winter,Jan-17,88,6318,1800,90,0,0
283,09-01-2017,09-01-2017,1,January,2017,Winter,Jan-17,89,5418,1800,90,0,0
284,10-01-2017,10-01-2017,1,January,2017,Winter,Jan-17,80,5376,1800,90,0,0
285,11-01-2017,11-01-2017,1,January,2017,Winter,Jan-17,73,5976,1800,90,0,0
286,12-01-2017,12-01-2017,1,January,2017,Winter,Jan-17,55,6414,1800,90,0,0
287,13-01-2017,13-01-2017,1,January,2017,Winter,Jan-17,47,5496,1800,90,0,0
288,14-01-2017,14-01-2017,1,January,2017,Winter,Jan-17,49,4668,1800,90,0,0
289,15-01-2017,15-01-2017,1,January,2017,Winter,Jan-17,53,4074,1800,90,0,0
290,16-01-2017,16-01-2017,1,January,2017,Winter,Jan-17,58,6300,1800,90,0,0
291,17-01-2017,17-01-2017,1,January,2017,Winter,Jan-17,52,6948,1800,90,0,0
292,18-01-2017,18-01-2017,1,January,2017,Winter,Jan-17,50,4920,1800,90,0,0
293,19-01-2017,19-01-2017,1,January,2017,Winter,Jan-17,55,4938,1800,90,0,0
294,20-01-2017,20-01-2017,1,January,2017,Winter,Jan-17,62,6870,1800,90,0,0
295,21-01-2017,21-01-2017,1,January,2017,Winter,Jan-17,58,5592,1800,90,0,0
296,22-01-2017,22-01-2017,1,January,2017,Winter,Jan-17,60,6618,1800,90,0,0
297,23-01-2017,23-01-2017,1,January,2017,Winter,Jan-17,65,7248,1800,90,0,0
298,24-01-2017,24-01-2017,1,January,2017,Winter,Jan-17,63,5400,1800,90,0,0
299,25-01-2017,25-01-2017,1,January,2017,Winter,Jan-17,57,4860,1800,90,0,0
300,26-01-2017,26-01-2017,1,January,2017,Winter,Jan-17,66,5196,1800,90,0,0
301,27-01-2017,27-01-2017,1,January,2017,Winter,Jan-17,73,6330,1800,90,0,0
302,28-01-2017,28-01-2017,1,January,2017,Winter,Jan-17,62,5442,1800,90,0,0
303,29-01-2017,29-01-2017,1,January,2017,Winter,Jan-17,64,5742,1800,90,0,0
304,30-01-2017,30-01-2017,1,January,2017,Winter,Jan-17,67,7212,1800,90,0,0
305,31-01-2017,31-01-2017,1,February,2017,Winter,Jan-17,56,5904,1800,90,0,0
306,01-02-2017,01-02-2017,2,February,2017,Winter,Feb-17,48,6786,1800,90,0,0
307,02-02-2017,02-02-2017,2,February,2017,Winter,Feb-17,50,8844,1800,90,19,0
308,03-02-2017,03-02-2017,2,February,2017,Winter,Feb-17,54,7494,1800,90,0,0
309,04-02-2017,04-02-2017,2,February,2017,Winter,Feb-17,44,6666,1800,90,0,0
310,05-02-2017,05-02-2017,2,February,2017,Winter,Feb-17,48,5898,1800,90,0,0
311,06-02-2017,06-02-2017,2,February,2017,Winter,Feb-17,58,8844,1800,90,27,0
312,07-02-2017,07-02-2017,2,February,2017,Winter,Feb-17,60,6798,1800,90,0,0
313,08-02-2017,08-02-2017,2,February,2017,Winter,Feb-17,65,8664,1800,90,0,0
314,09-02-2017,09-02-2017,2,February,2017,Winter,Feb-17,60,6204,1800,90,0,0
315,10-02-2017,10-02-2017,2,February,2017,Winter,Feb-17,66,7032,1800,90,0,0
316,11-02-2017,11-02-2017,2,February,2017,Winter,Feb-17,62,7638,1800,90,0,0
317,12-02-2017,12-02-2017,2,February,2017,Winter,Feb-17,58,7398,1800,90,0,0
318,13-02-2017,13-02-2017,2,February,2017,Winter,Feb-17,62,5724,1800,90,0,0
319,14-02-2017,14-02-2017,2,February,2017,Winter,Feb-17,56,6816,1800,90,0,0
320,15-02-2017,15-02-2017,2,February,2017,Winter,Feb-17,60,5868,1800,90,0,0
321,16-02-2017,16-02-2017,2,February,2017,Winter,Feb-17,67,7812,1800,90,0,0
322,17-02-2017,17-02-2017,2,February,2017,Winter,Feb-17,63,7272,1800,90,0,0
323,18-02-2017,18-02-2017,2,February,2017,Winter,Feb-17,52,7464,1800,90,0,0
324,19-02-2017,19-02-2017,2,February,2017,Winter,Feb-17,54,5268,1800,90,0,0
325,20-02-2017,20-02-2017,2,February,2017,Winter,Feb-17,57,5814,1800,90,0,0
326,21-02-2017,21-02-2017,2,February,2017,Winter,Feb-17,58,5820,1800,90,0,0
327,22-02-2017,22-02-2017,2,February,2017,Winter,Feb-17,60,7056,1800,90,0,0
328,23-02-2017,23-02-2017,2,February,2017,Winter,Feb-17,58,8088,1800,90,0,0
329,24-02-2017,24-02-2017,2,February,2017,Winter,Feb-17,64,6696,1800,90,0,0
330,25-02-2017,25-02-2017,2,February,2017,Winter,Feb-17,57,5388,1800,90,0,0
331,26-02-2017,26-02-2017,2,February,2017,Winter,Feb-17,57,5994,1800,90,0,0
332,27-02-2017,27-02-2017,2,February,2017,Winter,Feb-17,58,6822,1800,90,0,0
333,28-02-2017,28-02-2017,2,March,2017,Winter,Feb-17,55,7338,1800,90,0,0
334,01-03-2017,01-03-2017,3,March,2017,Summer,Mar-17,53,10074,1800,90,268,178
335,02-03-2017,02-03-2017,3,March,2017,Summer,Mar-17,54,9246,1800,90,104,14
336,03-03-2017,03-03-2017,3,March,2017,Summer,Mar-17,50,8616,1800,90,0,0
337,04-03-2017,04-03-2017,3,March,2017,Summer,Mar-17,47,6636,1800,90,0,0
338,05-03-2017,05-03-2017,3,March,2017,Summer,Mar-17,58,6288,1800,90,0,0
339,06-03-2017,06-03-2017,3,March,2017,Summer,Mar-17,61,8670,1800,90,0,0
340,07-03-2017,07-03-2017,3,March,2017,Summer,Mar-17,56,6948,1800,90,0,0
341,08-03-2017,08-03-2017,3,March,2017,Summer,Mar-17,52,8700,1800,90,0,0
342,09-03-2017,09-03-2017,3,March,2017,Summer,Mar-17,55,9030,1800,90,61,0
343,10-03-2017,10-03-2017,3,March,2017,Summer,Mar-17,61,8166,1800,90,0,0
344,11-03-2017,11-03-2017,3,March,2017,Summer,Mar-17,57,7548,1800,90,0,0
345,12-03-2017,12-03-2017,3,March,2017,Summer,Mar-17,61,6564,1800,90,0,0
346,13-03-2017,13-03-2017,3,March,2017,Summer,Mar-17,66,6174,1800,90,0,0
347,14-03-2017,14-03-2017,3,March,2017,Summer,Mar-17,57,7188,1800,90,0,0
348,15-03-2017,15-03-2017,3,March,2017,Summer,Mar-17,60,7686,1800,90,0,0
349,16-03-2017,16-03-2017,3,March,2017,Summer,Mar-17,61,6942,1800,90,0,0
350,17-03-2017,17-03-2017,3,March,2017,Summer,Mar-17,60,5724,1800,90,0,0
351,18-03-2017,18-03-2017,3,March,2017,Summer,Mar-17,54,7620,1800,90,0,0
352,19-03-2017,19-03-2017,3,March,2017,Summer,Mar-17,58,6066,1800,90,0,0
353,20-03-2017,20-03-2017,3,March,2017,Summer,Mar-17,59,6486,1800,90,0,0
354,21-03-2017,21-03-2017,3,March,2017,Summer,Mar-17,58,8352,1800,90,0,0
355,22-03-2017,22-03-2017,3,March,2017,Summer,Mar-17,57,8412,1800,90,0,0
356,23-03-2017,23-03-2017,3,March,2017,Summer,Mar-17,56,7170,1800,90,0,0
357,24-03-2017,24-03-2017,3,March,2017,Summer,Mar-17,53,6918,1800,90,0,0
358,25-03-2017,25-03-2017,3,March,2017,Summer,Mar-17,48,6636,1800,90,0,0
359,26-03-2017,26-03-2017,3,March,2017,Summer,Mar-17,48,6756,1800,90,0,0
360,27-03-2017,27-03-2017,3,March,2017,Summer,Mar-17,56,8856,1800,90,28,0
361,28-03-2017,28-03-2017,3,March,2017,Summer,Mar-17,56,8688,1800,90,0,0
362,29-03-2017,29-03-2017,3,March,2017,Summer,Mar-17,59,8112,1800,90,0,0
363,30-03-2017,30-03-2017,3,March,2017,Summer,Mar-17,58,7728,1800,90,0,0
364,31-03-2017,31-03-2017,3,April,2017,Summer,Mar-17,58,8394,1800,90,0,0
365,01-04-2017,01-04-2017,4,April,2017,Summer,Apr-17,45,9774,1800,90,200,110
366,02-04-2017,02-04-2017,4,April,2017,Summer,Apr-17,45,6630,1800,90,0,0
367,03-04-2017,03-04-2017,4,April,2017,Summer,Apr-17,49,10170,1800,90,283,193
368,04-04-2017,04-04-2017,4,April,2017,Summer,Apr-17,52,9324,1800,90,117,27
369,05-04-2017,05-04-2017,4,April,2017,Summer,Apr-17,48,7770,1800,90,0,0
370,06-04-2017,06-04-2017,4,April,2017,Summer,Apr-17,43,7284,1800,90,0,0
371,07-04-2017,07-04-2017,4,April,2017,Summer,Apr-17,38,8970,1800,90,32,0
372,08-04-2017,08-04-2017,4,April,2017,Summer,Apr-17,44,8844,1800,90,13,0
373,09-04-2017,09-04-2017,4,April,2017,Summer,Apr-17,41,6084,1800,90,0,0
374,10-04-2017,10-04-2017,4,April,2017,Summer,Apr-17,45,9300,1800,90,105,15
375,11-04-2017,11-04-2017,4,April,2017,Summer,Apr-17,46,7962,1800,90,0,0
376,12-04-2017,12-04-2017,4,April,2017,Summer,Apr-17,46,8466,1800,90,0,0
377,13-04-2017,13-04-2017,4,April,2017,Summer,Apr-17,55,6360,1800,90,0,0
378,14-04-2017,14-04-2017,4,April,2017,Summer,Apr-17,53,8220,1800,90,0,0
379,15-04-2017,15-04-2017,4,April,2017,Summer,Apr-17,53,6876,1800,90,0,0
380,16-04-2017,16-04-2017,4,April,2017,Summer,Apr-17,54,7086,1800,90,0,0
381,17-04-2017,17-04-2017,4,April,2017,Summer,Apr-17,59,9048,1800,90,69,0
382,18-04-2017,18-04-2017,4,April,2017,Summer,Apr-17,60,7932,1800,90,0,0
383,19-04-2017,19-04-2017,4,April,2017,Summer,Apr-17,67,8574,1800,90,0,0
384,20-04-2017,20-04-2017,4,April,2017,Summer,Apr-17,72,8016,1800,90,0,0
385,21-04-2017,21-04-2017,4,April,2017,Summer,Apr-17,69,8400,1800,90,0,0
386,22-04-2017,22-04-2017,4,April,2017,Summer,Apr-17,61,8478,1800,90,0,0
387,23-04-2017,23-04-2017,4,April,2017,Summer,Apr-17,71,7194,1800,90,0,0
388,24-04-2017,24-04-2017,4,April,2017,Summer,Apr-17,68,8184,1800,90,0,0
389,25-04-2017,25-04-2017,4,April,2017,Summer,Apr-17,69,8352,1800,90,0,0
390,26-04-2017,26-04-2017,4,April,2017,Summer,Apr-17,61,8874,1800,90,36,0
391,27-04-2017,27-04-2017,4,April,2017,Summer,Apr-17,61,7368,1800,90,0,0
392,28-04-2017,28-04-2017,4,April,2017,Summer,Apr-17,63,7230,1800,90,0,0
393,29-04-2017,29-04-2017,4,April,2017,Summer,Apr-17,59,6468,1800,90,0,0
394,30-04-2017,30-04-2017,4,May,2017,Summer,Apr-17,62,6984,1800,90,0,0
395,01-05-2017,01-05-2017,5,May,2017,Summer,May-17,64,10218,1800,90,308,218
396,02-05-2017,02-05-2017,5,May,2017,Summer,May-17,69,8376,1800,90,0,0
397,03-05-2017,03-05-2017,5,May,2017,Summer,May-17,65,10050,1800,90,275,185
398,04-05-2017,04-05-2017,5,May,2017,Summer,May-17,64,9582,1800,90,181,91
399,05-05-2017,05-05-2017,5,May,2017,Summer,May-17,63,7140,1800,90,0,0
400,06-05-2017,06-05-2017,5,May,2017,Summer,May-17,54,9270,1800,90,108,18
401,07-05-2017,07-05-2017,5,May,2017,Summer,May-17,61,6966,1800,90,0,0
402,08-05-2017,08-05-2017,5,May,2017,Summer,May-17,59,8616,1800,90,0,0
403,09-05-2017,09-05-2017,5,May,2017,Summer,May-17,54,9444,1800,90,143,53
404,10-05-2017,10-05-2017,5,May,2017,Summer,May-17,55,9066,1800,90,69,0
405,11-05-2017,11-05-2017,5,May,2017,Summer,May-17,55,8862,1800,90,28,0
406,12-05-2017,12-05-2017,5,May,2017,Summer,May-17,55,9420,1800,90,139,49
407,13-05-2017,13-05-2017,5,May,2017,Summer,May-17,54,7914,1800,90,0,0
408,14-05-2017,14-05-2017,5,May,2017,Summer,May-17,65,8592,1800,90,0,0
409,15-05-2017,15-05-2017,5,May,2017,Summer,May-17,77,8256,1800,90,0,0
410,16-05-2017,16-05-2017,5,May,2017,Summer,May-17,70,8178,1800,90,0,0
411,17-05-2017,17-05-2017,5,May,2017,Summer,May-17,70,6876,1800,90,0,0
412,18-05-2017,18-05-2017,5,May,2017,Summer,May-17,62,7242,1800,90,0,0
413,19-05-2017,19-05-2017,5,May,2017,Summer,May-17,55,7746,1800,90,0,0
414,20-05-2017,20-05-2017,5,May,2017,Summer,May-17,45,6534,1800,90,0,0
415,21-05-2017,21-05-2017,5,May,2017,Summer,May-17,48,6066,1800,90,0,0
416,22-05-2017,22-05-2017,5,May,2017,Summer,May-17,61,8766,1800,90,15,0
417,23-05-2017,23-05-2017,5,May,2017,Summer,May-17,54,9606,1800,90,176,86
418,24-05-2017,24-05-2017,5,May,2017,Summer,May-17,51,8142,1800,90,0,0
419,25-05-2017,25-05-2017,5,May,2017,Summer,May-17,52,6750,1800,90,0,0
420,26-05-2017,26-05-2017,5,May,2017,Summer,May-17,58,7062,1800,90,0,0
421,27-05-2017,27-05-2017,5,May,2017,Summer,May-17,51,7290,1800,90,0,0
422,28-05-2017,28-05-2017,5,May,2017,Summer,May-17,58,8538,1800,90,0,0
423,29-05-2017,29-05-2017,5,May,2017,Summer,May-17,57,8112,1800,90,0,0
424,30-05-2017,30-05-2017,5,May,2017,Summer,May-17,55,7098,1800,90,0,0
425,31-05-2017,31-05-2017,5,June,2017,Summer,May-17,52,9294,1800,90,111,21
426,01-06-2017,01-06-2017,6,June,2017,Summer,Jun-17,54,10830,1800,90,420,330
427,02-06-2017,02-06-2017,6,June,2017,Summer,Jun-17,57,9840,1800,90,225,135
428,03-06-2017,03-06-2017,6,June,2017,Summer,Jun-17,56,7296,1800,90,0,0
429,04-06-2017,04-06-2017,6,June,2017,Summer,Jun-17,48,8136,1800,90,0,0
430,05-06-2017,05-06-2017,6,June,2017,Summer,Jun-17,56,9876,1800,90,232,142
431,06-06-2017,06-06-2017,6,June,2017,Summer,Jun-17,61,8268,1800,90,0,0
432,07-06-2017,07-06-2017,6,June,2017,Summer,Jun-17,58,9630,1800,90,184,94
433,08-06-2017,08-06-2017,6,June,2017,Summer,Jun-17,54,9186,1800,90,92,2
434,09-06-2017,09-06-2017,6,June,2017,Summer,Jun-17,56,6924,1800,90,0,0
435,10-06-2017,10-06-2017,6,June,2017,Summer,Jun-17,54,9312,1800,90,117,27
436,11-06-2017,11-06-2017,6,June,2017,Summer,Jun-17,54,7812,1800,90,0,0
437,12-06-2017,12-06-2017,6,June,2017,Summer,Jun-17,56,9174,1800,90,91,1
438,13-06-2017,13-06-2017,6,June,2017,Summer,Jun-17,56,9852,1800,90,227,137
439,14-06-2017,14-06-2017,6,June,2017,Summer,Jun-17,55,8376,1800,90,0,0
440,15-06-2017,15-06-2017,6,June,2017,Summer,Jun-17,45,7452,1800,90,0,0
441,16-06-2017,16-06-2017,6,June,2017,Summer,Jun-17,50,7728,1800,90,0,0
442,17-06-2017,17-06-2017,6,June,2017,Summer,Jun-17,52,7596,1800,90,0,0
443,18-06-2017,18-06-2017,6,June,2017,Summer,Jun-17,64,6540,1800,90,0,0
444,19-06-2017,19-06-2017,6,June,2017,Summer,Jun-17,63,8370,1800,90,0,0
445,20-06-2017,20-06-2017,6,June,2017,Summer,Jun-17,59,8490,1800,90,0,0
446,21-06-2017,21-06-2017,6,June,2017,Summer,Jun-17,60,8892,1800,90,39,0
447,22-06-2017,22-06-2017,6,June,2017,Summer,Jun-17,53,8598,1800,90,0,0
448,23-06-2017,23-06-2017,6,June,2017,Summer,Jun-17,55,6942,1800,90,0,0
449,24-06-2017,24-06-2017,6,June,2017,Summer,Jun-17,57,7662,1800,90,0,0
450,25-06-2017,25-06-2017,6,June,2017,Summer,Jun-17,63,6054,1800,90,0,0
451,26-06-2017,26-06-2017,6,June,2017,Summer,Jun-17,64,7620,1800,90,0,0
452,27-06-2017,27-06-2017,6,June,2017,Summer,Jun-17,53,7764,1800,90,0,0
453,28-06-2017,28-06-2017,6,June,2017,Summer,Jun-17,54,8040,1800,90,0,0
454,29-06-2017,29-06-2017,6,June,2017,Summer,Jun-17,57,8160,1800,90,0,0
455,30-06-2017,30-06-2017,6,July,2017,Summer,Jun-17,59,9060,1800,90,71,0
456,01-07-2017,01-07-2017,7,July,2017,Monsoon,Jul-17,51,8352,1800,90,0,0
457,02-07-2017,02-07-2017,7,July,2017,Monsoon,Jul-17,50,7860,1800,90,0,0
458,03-07-2017,03-07-2017,7,July,2017,Monsoon,Jul-17,60,8802,1800,90,21,0
459,04-07-2017,04-07-2017,7,July,2017,Monsoon,Jul-17,48,9228,1800,90,94,4
460,05-07-2017,05-07-2017,7,July,2017,Monsoon,Jul-17,49,10398,1800,90,329,239
461,06-07-2017,06-07-2017,7,July,2017,Monsoon,Jul-17,46,7578,1800,90,0,0
462,07-07-2017,07-07-2017,7,July,2017,Monsoon,Jul-17,44,7314,1800,90,0,0
463,08-07-2017,08-07-2017,7,July,2017,Monsoon,Jul-17,43,7398,1800,90,0,0
464,09-07-2017,09-07-2017,7,July,2017,Monsoon,Jul-17,46,7878,1800,90,0,0
465,10-07-2017,10-07-2017,7,July,2017,Monsoon,Jul-17,49,7200,1800,90,0,0
466,11-07-2017,11-07-2017,7,July,2017,Monsoon,Jul-17,47,7872,1800,90,0,0
467,12-07-2017,12-07-2017,7,July,2017,Monsoon,Jul-17,49,7524,1800,90,0,0
468,13-07-2017,13-07-2017,7,July,2017,Monsoon,Jul-17,53,6960,1800,90,0,0
469,14-07-2017,14-07-2017,7,July,2017,Monsoon,Jul-17,59,9354,1800,90,130,40
470,15-07-2017,15-07-2017,7,July,2017,Monsoon,Jul-17,62,8808,1800,90,24,0
471,16-07-2017,16-07-2017,7,July,2017,Monsoon,Jul-17,71,8982,1800,90,68,0
472,17-07-2017,17-07-2017,7,July,2017,Monsoon,Jul-17,69,9336,1800,90,137,47
473,18-07-2017,18-07-2017,7,July,2017,Monsoon,Jul-17,66,9624,1800,90,191,101
474,19-07-2017,19-07-2017,7,July,2017,Monsoon,Jul-17,59,9534,1800,90,166,76
475,20-07-2017,20-07-2017,7,July,2017,Monsoon,Jul-17,56,7152,1800,90,0,0
476,21-07-2017,21-07-2017,7,July,2017,Monsoon,Jul-17,54,8052,1800,90,0,0
477,22-07-2017,22-07-2017,7,July,2017,Monsoon,Jul-17,51,8190,1800,90,0,0
478,23-07-2017,23-07-2017,7,July,2017,Monsoon,Jul-17,55,7686,1800,90,0,0
479,24-07-2017,24-07-2017,7,July,2017,Monsoon,Jul-17,62,7530,1800,90,0,0
480,25-07-2017,25-07-2017,7,July,2017,Monsoon,Jul-17,59,8400,1800,90,0,0
481,26-07-2017,26-07-2017,7,July,2017,Monsoon,Jul-17,61,7956,1800,90,0,0
482,27-07-2017,27-07-2017,7,July,2017,Monsoon,Jul-17,55,8400,1800,90,0,0
483,28-07-2017,28-07-2017,7,July,2017,Monsoon,Jul-17,56,7104,1800,90,0,0
484,29-07-2017,29-07-2017,7,July,2017,Monsoon,Jul-17,52,8724,1800,90,0,0
485,30-07-2017,30-07-2017,7,July,2017,Monsoon,Jul-17,52,6324,1800,90,0,0
486,31-07-2017,31-07-2017,7,August,2017,Monsoon,Jul-17,73,7818,1800,90,0,0
487,01-08-2017,01-08-2017,8,August,2017,Monsoon,Aug-17,63,10476,1800,90,359,269
488,02-08-2017,02-08-2017,8,August,2017,Monsoon,Aug-17,63,10068,1800,90,277,187
489,03-08-2017,03-08-2017,8,August,2017,Monsoon,Aug-17,68,9372,1800,90,143,53
490,04-08-2017,04-08-2017,8,August,2017,Monsoon,Aug-17,66,7506,1800,90,0,0
491,05-08-2017,05-08-2017,8,August,2017,Monsoon,Aug-17,64,9672,1800,90,199,109
492,06-08-2017,06-08-2017,8,August,2017,Monsoon,Aug-17,70,6654,1800,90,0,0
493,07-08-2017,07-08-2017,8,August,2017,Monsoon,Aug-17,68,9174,1800,90,103,13
494,08-08-2017,08-08-2017,8,August,2017,Monsoon,Aug-17,63,9186,1800,90,101,11
495,09-08-2017,09-08-2017,8,August,2017,Monsoon,Aug-17,57,8712,1800,90,0,0
496,10-08-2017,10-08-2017,8,August,2017,Monsoon,Aug-17,57,8016,1800,90,0,0
497,11-08-2017,11-08-2017,8,August,2017,Monsoon,Aug-17,66,9426,1800,90,152,62
498,12-08-2017,12-08-2017,8,August,2017,Monsoon,Aug-17,62,7548,1800,90,0,0
499,13-08-2017,13-08-2017,8,August,2017,Monsoon,Aug-17,66,6408,1800,90,0,0
500,14-08-2017,14-08-2017,8,August,2017,Monsoon,Aug-17,65,9360,1800,90,137,47
501,15-08-2017,15-08-2017,8,August,2017,Monsoon,Aug-17,69,8844,1800,90,38,0
502,16-08-2017,16-08-2017,8,August,2017,Monsoon,Aug-17,66,9114,1800,90,89,0
503,17-08-2017,17-08-2017,8,August,2017,Monsoon,Aug-17,59,9006,1800,90,61,0
504,18-08-2017,18-08-2017,8,August,2017,Monsoon,Aug-17,61,8796,1800,90,21,0
505,19-08-2017,19-08-2017,8,August,2017,Monsoon,Aug-17,52,8748,1800,90,2,0
506,20-08-2017,20-08-2017,8,August,2017,Monsoon,Aug-17,61,8406,1800,90,0,0
507,21-08-2017,21-08-2017,8,August,2017,Monsoon,Aug-17,66,8316,1800,90,0,0
508,22-08-2017,22-08-2017,8,August,2017,Monsoon,Aug-17,76,8556,1800,90,0,0
509,23-08-2017,23-08-2017,8,August,2017,Monsoon,Aug-17,74,7602,1800,90,0,0
510,24-08-2017,24-08-2017,8,August,2017,Monsoon,Aug-17,72,9156,1800,90,104,14
511,25-08-2017,25-08-2017,8,August,2017,Monsoon,Aug-17,75,7092,1800,90,0,0
512,26-08-2017,26-08-2017,8,August,2017,Monsoon,Aug-17,72,8880,1800,90,48,0
513,27-08-2017,27-08-2017,8,August,2017,Monsoon,Aug-17,68,7386,1800,90,0,0
514,28-08-2017,28-08-2017,8,August,2017,Monsoon,Aug-17,73,7566,1800,90,0,0
515,29-08-2017,29-08-2017,8,August,2017,Monsoon,Aug-17,66,9546,1800,90,176,86
516,30-08-2017,30-08-2017,8,August,2017,Monsoon,Aug-17,62,6924,1800,90,0,0
517,31-08-2017,31-08-2017,8,September,2017,Monsoon,Aug-17,69,7710,1800,90,0,0
518,01-09-2017,01-09-2017,9,September,2017,Monsoon,Sep-17,78,9210,1800,90,120,30
519,02-09-2017,02-09-2017,9,September,2017,Monsoon,Sep-17,67,8922,1800,90,52,0
520,03-09-2017,03-09-2017,9,September,2017,Monsoon,Sep-17,66,9228,1800,90,112,22
521,04-09-2017,04-09-2017,9,September,2017,Monsoon,Sep-17,75,8178,1800,90,0,0
522,05-09-2017,05-09-2017,9,September,2017,Monsoon,Sep-17,76,8280,1800,90,0,0
523,06-09-2017,06-09-2017,9,September,2017,Monsoon,Sep-17,83,8010,1800,90,0,0
524,07-09-2017,07-09-2017,9,September,2017,Monsoon,Sep-17,93,7338,1800,90,0,0
525,08-09-2017,08-09-2017,9,September,2017,Monsoon,Sep-17,89,6978,1800,90,0,0
526,09-09-2017,09-09-2017,9,September,2017,Monsoon,Sep-17,89,7584,1800,90,0,0
527,10-09-2017,10-09-2017,9,September,2017,Monsoon,Sep-17,88,8586,1800,90,6,0
528,11-09-2017,11-09-2017,9,September,2017,Monsoon,Sep-17,90,8070,1800,90,0,0
529,12-09-2017,12-09-2017,9,September,2017,Monsoon,Sep-17,78,8076,1800,90,0,0
530,13-09-2017,13-09-2017,9,September,2017,Monsoon,Sep-17,88,9654,1800,90,219,129
531,14-09-2017,14-09-2017,9,September,2017,Monsoon,Sep-17,82,6666,1800,90,0,0
532,15-09-2017,15-09-2017,9,September,2017,Monsoon,Sep-17,88,8604,1800,90,9,0
533,16-09-2017,16-09-2017,9,September,2017,Monsoon,Sep-17,74,8964,1800,90,67,0
534,17-09-2017,17-09-2017,9,September,2017,Monsoon,Sep-17,79,6168,1800,90,0,0
535,18-09-2017,18-09-2017,9,September,2017,Monsoon,Sep-17,78,8946,1800,90,68,0
536,19-09-2017,19-09-2017,9,September,2017,Monsoon,Sep-17,86,7224,1800,90,0,0
537,20-09-2017,20-09-2017,9,September,2017,Monsoon,Sep-17,92,8064,1800,90,0,0
538,21-09-2017,21-09-2017,9,September,2017,Monsoon,Sep-17,101,8514,1800,90,4,0
539,22-09-2017,22-09-2017,9,September,2017,Monsoon,Sep-17,106,7794,1800,90,0,0
540,23-09-2017,23-09-2017,9,September,2017,Monsoon,Sep-17,93,8922,1800,90,78,0
541,24-09-2017,24-09-2017,9,September,2017,Monsoon,Sep-17,94,6768,1800,90,0,0
542,25-09-2017,25-09-2017,9,September,2017,Monsoon,Sep-17,93,7116,1800,90,0,0
543,26-09-2017,26-09-2017,9,September,2017,Monsoon,Sep-17,80,8670,1800,90,14,0
544,27-09-2017,27-09-2017,9,September,2017,Monsoon,Sep-17,76,7836,1800,90,0,0
545,28-09-2017,28-09-2017,9,September,2017,Monsoon,Sep-17,73,6690,1800,90,0,0
546,29-09-2017,29-09-2017,9,September,2017,Monsoon,Sep-17,83,8808,1800,90,45,0
547,30-09-2017,30-09-2017,9,October,2017,Monsoon,Sep-17,77,8304,1800,90,0,0
548,01-10-2017,01-10-2017,10,October,2017,"Monsoon""Winter",Oct-17,81,9414,1800,90,164,74
549,02-10-2017,02-10-2017,10,October,2017,"Monsoon""Winter",Oct-17,82,8484,1800,90,0,0
550,03-10-2017,03-10-2017,10,October,2017,"Monsoon""Winter",Oct-17,88,8664,1800,90,21,0
551,04-10-2017,04-10-2017,10,October,2017,"Monsoon""Winter",Oct-17,96,8820,1800,90,60,0
552,05-10-2017,05-10-2017,10,October,2017,"Monsoon""Winter",Oct-17,86,9852,1800,90,257,167
553,06-10-2017,06-10-2017,10,October,2017,"Monsoon""Winter",Oct-17,89,8232,1800,90,0,0
554,07-10-2017,07-10-2017,10,October,2017,"Monsoon""Winter",Oct-17,81,6426,1800,90,0,0
555,08-10-2017,08-10-2017,10,October,2017,"Monsoon""Winter",Oct-17,91,7014,1800,90,0,0
556,09-10-2017,09-10-2017,10,October,2017,"Monsoon""Winter",Oct-17,95,9564,1800,90,208,118
557,10-10-2017,10-10-2017,10,October,2017,"Monsoon""Winter",Oct-17,91,8670,1800,90,25,0
558,11-10-2017,11-10-2017,10,October,2017,"Monsoon""Winter",Oct-17,88,7854,1800,90,0,0
559,12-10-2017,12-10-2017,10,October,2017,"Monsoon""Winter",Oct-17,92,7050,1800,90,0,0
560,13-10-2017,13-10-2017,10,October,2017,"Monsoon""Winter",Oct-17,88,6468,1800,90,0,0
561,14-10-2017,14-10-2017,10,October,2017,"Monsoon""Winter",Oct-17,75,6972,1800,90,0,0
562,15-10-2017,15-10-2017,10,October,2017,"Monsoon""Winter",Oct-17,88,7908,1800,90,0,0
563,16-10-2017,16-10-2017,10,October,2017,"Monsoon""Winter",Oct-17,96,9054,1800,90,107,17
564,17-10-2017,17-10-2017,10,October,2017,"Monsoon""Winter",Oct-17,94,7728,1800,90,0,0
565,18-10-2017,18-10-2017,10,October,2017,"Monsoon""Winter",Oct-17,93,7518,1800,90,0,0
566,19-10-2017,19-10-2017,10,October,2017,"Monsoon""Winter",Oct-17,93,8472,1800,90,0,0
567,20-10-2017,20-10-2017,10,October,2017,"Monsoon""Winter",Oct-17,97,7434,1800,90,0,0
568,21-10-2017,21-10-2017,10,October,2017,"Monsoon""Winter",Oct-17,96,6966,1800,90,0,0
569,22-10-2017,22-10-2017,10,October,2017,"Monsoon""Winter",Oct-17,95,7062,1800,90,0,0
570,23-10-2017,23-10-2017,10,October,2017,"Monsoon""Winter",Oct-17,89,7596,1800,90,0,0
571,24-10-2017,24-10-2017,10,October,2017,"Monsoon""Winter",Oct-17,81,8346,1800,90,0,0
572,25-10-2017,25-10-2017,10,October,2017,"Monsoon""Winter",Oct-17,78,7608,1800,90,0,0
573,26-10-2017,26-10-2017,10,October,2017,"Monsoon""Winter",Oct-17,77,7854,1800,90,0,0
574,27-10-2017,27-10-2017,10,October,2017,"Monsoon""Winter",Oct-17,73,8502,1800,90,0,0
575,28-10-2017,28-10-2017,10,October,2017,"Monsoon""Winter",Oct-17,64,6462,1800,90,0,0
576,29-10-2017,29-10-2017,10,October,2017,"Monsoon""Winter",Oct-17,119,7764,1800,90,0,0
577,30-10-2017,30-10-2017,10,October,2017,"Monsoon""Winter",Oct-17,64,9258,1800,90,116,26
578,31-10-2017,31-10-2017,10,November,2017,"Monsoon""Winter",Oct-17,64,7200,1800,90,0,0
579,01-11-2017,01-11-2017,11,November,2017,Winter,Nov-17,57,9930,1800,90,243,153
580,02-11-2017,02-11-2017,11,November,2017,Winter,Nov-17,60,8766,1800,90,14,0
581,03-11-2017,03-11-2017,11,November,2017,Winter,Nov-17,62,9468,1800,90,156,66
582,04-11-2017,04-11-2017,11,November,2017,Winter,Nov-17,49,7650,1800,90,0,0
583,05-11-2017,05-11-2017,11,November,2017,Winter,Nov-17,61,7086,1800,90,0,0
584,06-11-2017,06-11-2017,11,November,2017,Winter,Nov-17,64,7494,1800,90,0,0
585,07-11-2017,07-11-2017,11,November,2017,Winter,Nov-17,64,7638,1800,90,0,0
586,08-11-2017,08-11-2017,11,November,2017,Winter,Nov-17,58,7128,1800,90,0,0
587,09-11-2017,09-11-2017,11,November,2017,Winter,Nov-17,73,6360,1800,90,0,0
588,10-11-2017,10-11-2017,11,November,2017,Winter,Nov-17,68,6930,1800,90,0,0
589,11-11-2017,11-11-2017,11,November,2017,Winter,Nov-17,64,7170,1800,90,0,0
590,12-11-2017,12-11-2017,11,November,2017,Winter,Nov-17,61,6360,1800,90,0,0
591,13-11-2017,13-11-2017,11,November,2017,Winter,Nov-17,61,8610,1800,90,0,0
592,14-11-2017,14-11-2017,11,November,2017,Winter,Nov-17,63,8322,1800,90,0,0
593,15-11-2017,15-11-2017,11,November,2017,Winter,Nov-17,68,7206,1800,90,0,0
594,16-11-2017,16-11-2017,11,November,2017,Winter,Nov-17,65,7182,1800,90,0,0
595,17-11-2017,17-11-2017,11,November,2017,Winter,Nov-17,73,6870,1800,90,0,0
596,18-11-2017,18-11-2017,11,November,2017,Winter,Nov-17,65,6294,1800,90,0,0
597,19-11-2017,19-11-2017,11,November,2017,Winter,Nov-17,67,5724,1800,90,0,0
598,20-11-2017,20-11-2017,11,November,2017,Winter,Nov-17,70,6126,1800,90,0,0
599,21-11-2017,21-11-2017,11,November,2017,Winter,Nov-17,70,7740,1800,90,0,0
600,22-11-2017,22-11-2017,11,November,2017,Winter,Nov-17,62,7674,1800,90,0,0
601,23-11-2017,23-11-2017,11,November,2017,Winter,Nov-17,59,6048,1800,90,0,0
602,24-11-2017,24-11-2017,11,November,2017,Winter,Nov-17,60,6402,1800,90,0,0
603,25-11-2017,25-11-2017,11,November,2017,Winter,Nov-17,52,6444,1800,90,0,0
604,26-11-2017,26-11-2017,11,November,2017,Winter,Nov-17,62,5532,1800,90,0,0
605,27-11-2017,27-11-2017,11,November,2017,Winter,Nov-17,72,6042,1800,90,0,0
606,28-11-2017,28-11-2017,11,November,2017,Winter,Nov-17,70,7632,1800,90,0,0
607,29-11-2017,29-11-2017,11,November,2017,Winter,Nov-17,67,6150,1800,90,0,0
608,30-11-2017,30-11-2017,11,December,2017,Winter,Nov-17,67,7620,1800,90,0,0
609,01-12-2017,01-12-2017,12,December,2017,#VALUE!,Dec-17,69,8082,1800,90,0,0
610,02-12-2017,02-12-2017,12,December,2017,#VALUE!,Dec-17,62,6030,1800,90,0,0
611,03-12-2017,03-12-2017,12,December,2017,#VALUE!,Dec-17,66,6312,1800,90,0,0
612,04-12-2017,04-12-2017,12,December,2017,#VALUE!,Dec-17,76,7158,1800,90,0,0
613,05-12-2017,05-12-2017,12,December,2017,#VALUE!,Dec-17,71,8406,1800,90,0,0
614,06-12-2017,06-12-2017,12,December,2017,#VALUE!,Dec-17,66,7644,1800,90,0,0
615,07-12-2017,07-12-2017,12,December,2017,#VALUE!,Dec-17,69,6954,1800,90,0,0
616,08-12-2017,08-12-2017,12,December,2017,#VALUE!,Dec-17,59,6714,1800,90,0,0
617,09-12-2017,09-12-2017,12,December,2017,#VALUE!,Dec-17,57,7338,1800,90,0,0
618,10-12-2017,10-12-2017,12,December,2017,#VALUE!,Dec-17,66,6390,1800,90,0,0
619,11-12-2017,11-12-2017,12,December,2017,#VALUE!,Dec-17,68,6162,1800,90,0,0
620,12-12-2017,12-12-2017,12,December,2017,#VALUE!,Dec-17,67,7602,1800,90,0,0
621,13-12-2017,13-12-2017,12,December,2017,#VALUE!,Dec-17,69,6450,1800,90,0,0
622,14-12-2017,14-12-2017,12,December,2017,#VALUE!,Dec-17,79,6480,1800,90,0,0
623,15-12-2017,15-12-2017,12,December,2017,#VALUE!,Dec-17,83,5556,1800,90,0,0
624,16-12-2017,16-12-2017,12,December,2017,#VALUE!,Dec-17,74,7620,1800,90,0,0
625,17-12-2017,17-12-2017,12,December,2017,#VALUE!,Dec-17,75,5364,1800,90,0,0
626,18-12-2017,18-12-2017,12,December,2017,#VALUE!,Dec-17,83,6096,1800,90,0,0
627,19-12-2017,19-12-2017,12,December,2017,#VALUE!,Dec-17,82,5988,1800,90,0,0
628,20-12-2017,20-12-2017,12,December,2017,#VALUE!,Dec-17,78,6714,1800,90,0,0
629,21-12-2017,21-12-2017,12,December,2017,#VALUE!,Dec-17,83,7800,1800,90,0,0
630,22-12-2017,22-12-2017,12,December,2017,#VALUE!,Dec-17,81,7062,1800,90,0,0
631,23-12-2017,23-12-2017,12,December,2017,#VALUE!,Dec-17,65,7152,1800,90,0,0
632,24-12-2017,24-12-2017,12,December,2017,#VALUE!,Dec-17,57,4854,1800,90,0,0
633,25-12-2017,25-12-2017,12,December,2017,#VALUE!,Dec-17,60,7692,1800,90,0,0
634,26-12-2017,26-12-2017,12,December,2017,#VALUE!,Dec-17,62,5814,1800,90,0,0
635,27-12-2017,27-12-2017,12,December,2017,#VALUE!,Dec-17,76,6558,1800,90,0,0
636,28-12-2017,28-12-2017,12,December,2017,#VALUE!,Dec-17,81,6978,1800,90,0,0
637,29-12-2017,29-12-2017,12,December,2017,#VALUE!,Dec-17,75,7494,1800,90,0,0
638,30-12-2017,30-12-2017,12,December,2017,#VALUE!,Dec-17,71,6432,1800,90,0,0
639,31-12-2017,31-12-2017,12,January,2017,#VALUE!,Dec-17,71,4908,1800,90,0,0
640,01-01-2018,01-01-2018,1,January,2018,Winter,Jan-18,64,9006,1900,90,0,0
641,02-01-2018,02-01-2018,1,January,2018,Winter,Jan-18,75,7224,1900,90,0,0
642,03-01-2018,03-01-2018,1,January,2018,Winter,Jan-18,74,6480,1900,90,0,0
643,04-01-2018,04-01-2018,1,January,2018,Winter,Jan-18,80,6756,1900,90,0,0
644,05-01-2018,05-01-2018,1,January,2018,Winter,Jan-18,80,8436,1900,90,0,0
645,06-01-2018,06-01-2018,1,January,2018,Winter,Jan-18,76,7506,1900,90,0,0
646,07-01-2018,07-01-2018,1,January,2018,Winter,Jan-18,81,7476,1900,90,0,0
647,08-01-2018,08-01-2018,1,January,2018,Winter,Jan-18,90,8412,1900,90,0,0
648,09-01-2018,09-01-2018,1,January,2018,Winter,Jan-18,83,8202,1900,90,0,0
649,10-01-2018,10-01-2018,1,January,2018,Winter,Jan-18,82,8460,1900,90,0,0
650,11-01-2018,11-01-2018,1,January,2018,Winter,Jan-18,80,6834,1900,90,0,0
651,12-01-2018,12-01-2018,1,January,2018,Winter,Jan-18,82,7374,1900,90,0,0
652,13-01-2018,13-01-2018,1,January,2018,Winter,Jan-18,73,6642,1900,90,0,0
653,14-01-2018,14-01-2018,1,January,2018,Winter,Jan-18,84,6756,1900,90,0,0
654,15-01-2018,15-01-2018,1,January,2018,Winter,Jan-18,90,6804,1900,90,0,0
655,16-01-2018,16-01-2018,1,January,2018,Winter,Jan-18,90,8040,1900,90,0,0
656,17-01-2018,17-01-2018,1,January,2018,Winter,Jan-18,83,5742,1900,90,0,0
657,18-01-2018,18-01-2018,1,January,2018,Winter,Jan-18,86,8034,1900,90,0,0
658,19-01-2018,19-01-2018,1,January,2018,Winter,Jan-18,93,8088,1900,90,0,0
659,20-01-2018,20-01-2018,1,January,2018,Winter,Jan-18,78,5808,1900,90,0,0
660,21-01-2018,21-01-2018,1,January,2018,Winter,Jan-18,85,6864,1900,90,0,0
661,22-01-2018,22-01-2018,1,January,2018,Winter,Jan-18,75,5514,1900,90,0,0
662,23-01-2018,23-01-2018,1,January,2018,Winter,Jan-18,66,5838,1900,90,0,0
663,24-01-2018,24-01-2018,1,January,2018,Winter,Jan-18,69,6486,1900,90,0,0
664,25-01-2018,25-01-2018,1,January,2018,Winter,Jan-18,68,5334,1900,90,0,0
665,26-01-2018,26-01-2018,1,January,2018,Winter,Jan-18,65,6618,1900,90,0,0
666,27-01-2018,27-01-2018,1,January,2018,Winter,Jan-18,65,6864,1900,90,0,0
667,28-01-2018,28-01-2018,1,January,2018,Winter,Jan-18,73,6390,1900,90,0,0
668,29-01-2018,29-01-2018,1,January,2018,Winter,Jan-18,80,7416,1900,90,0,0
669,30-01-2018,30-01-2018,1,January,2018,Winter,Jan-18,81,5484,1900,90,0,0
670,31-01-2018,31-01-2018,1,February,2018,Winter,Jan-18,84,6438,1900,90,0,0
671,01-02-2018,01-02-2018,2,February,2018,Winter,Feb-18,70,8400,1900,90,0,0
672,02-02-2018,02-02-2018,2,February,2018,Winter,Feb-18,77,7938,1900,90,0,0
673,03-02-2018,03-02-2018,2,February,2018,Winter,Feb-18,63,8616,1900,90,0,0
674,04-02-2018,04-02-2018,2,February,2018,Winter,Feb-18,71,7686,1900,90,0,0
675,05-02-2018,05-02-2018,2,February,2018,Winter,Feb-18,70,7548,1900,90,0,0
676,06-02-2018,06-02-2018,2,February,2018,Winter,Feb-18,69,7416,1900,90,0,0
677,07-02-2018,07-02-2018,2,February,2018,Winter,Feb-18,69,6960,1900,90,0,0
678,08-02-2018,08-02-2018,2,February,2018,Winter,Feb-18,73,7962,1900,90,0,0
679,09-02-2018,09-02-2018,2,February,2018,Winter,Feb-18,66,8310,1900,90,0,0
680,10-02-2018,10-02-2018,2,February,2018,Winter,Feb-18,56,8010,1900,90,0,0
681,11-02-2018,11-02-2018,2,February,2018,Winter,Feb-18,66,6606,1900,90,0,0
682,12-02-2018,12-02-2018,2,February,2018,Winter,Feb-18,75,6576,1900,90,0,0
683,13-02-2018,13-02-2018,2,February,2018,Winter,Feb-18,58,7410,1900,90,0,0
684,14-02-2018,14-02-2018,2,February,2018,Winter,Feb-18,64,7038,1900,90,0,0
685,15-02-2018,15-02-2018,2,February,2018,Winter,Feb-18,60,7176,1900,90,0,0
686,16-02-2018,16-02-2018,2,February,2018,Winter,Feb-18,75,5868,1900,90,0,0
687,17-02-2018,17-02-2018,2,February,2018,Winter,Feb-18,64,7788,1900,90,0,0
688,18-02-2018,18-02-2018,2,February,2018,Winter,Feb-18,65,7284,1900,90,0,0
689,19-02-2018,19-02-2018,2,February,2018,Winter,Feb-18,67,8076,1900,90,0,0
690,20-02-2018,20-02-2018,2,February,2018,Winter,Feb-18,67,6678,1900,90,0,0
691,21-02-2018,21-02-2018,2,February,2018,Winter,Feb-18,75,8784,1900,90,0,0
692,22-02-2018,22-02-2018,2,February,2018,Winter,Feb-18,68,5958,1900,90,0,0
693,23-02-2018,23-02-2018,2,February,2018,Winter,Feb-18,71,8634,1900,90,0,0
694,24-02-2018,24-02-2018,2,February,2018,Winter,Feb-18,71,5868,1900,90,0,0
695,25-02-2018,25-02-2018,2,February,2018,Winter,Feb-18,79,5634,1900,90,0,0
696,26-02-2018,26-02-2018,2,February,2018,Winter,Feb-18,79,6066,1900,90,0,0
697,27-02-2018,27-02-2018,2,February,2018,Winter,Feb-18,80,8544,1900,90,0,0
698,28-02-2018,28-02-2018,2,March,2018,Winter,Feb-18,85,8880,1900,90,0,0
699,01-03-2018,01-03-2018,3,March,2018,Summer,Mar-18,78,10152,1900,90,209,119
700,02-03-2018,02-03-2018,3,March,2018,Summer,Mar-18,80,8802,1900,90,0,0
701,03-03-2018,03-03-2018,3,March,2018,Summer,Mar-18,72,7980,1900,90,0,0
702,04-03-2018,04-03-2018,3,March,2018,Summer,Mar-18,74,7752,1900,90,0,0
703,05-03-2018,05-03-2018,3,March,2018,Summer,Mar-18,78,9588,1900,90,96,6
704,06-03-2018,06-03-2018,3,March,2018,Summer,Mar-18,69,8406,1900,90,0,0
705,07-03-2018,07-03-2018,3,March,2018,Summer,Mar-18,76,9462,1900,90,69,0
706,08-03-2018,08-03-2018,3,March,2018,Summer,Mar-18,80,7368,1900,90,0,0
707,09-03-2018,09-03-2018,3,March,2018,Summer,Mar-18,87,7782,1900,90,0,0
708,10-03-2018,10-03-2018,3,March,2018,Summer,Mar-18,76,8196,1900,90,0,0
709,11-03-2018,11-03-2018,3,March,2018,Summer,Mar-18,68,7704,1900,90,0,0
710,12-03-2018,12-03-2018,3,March,2018,Summer,Mar-18,68,9072,1900,90,0,0
711,13-03-2018,13-03-2018,3,March,2018,Summer,Mar-18,68,9480,1900,90,64,0
712,14-03-2018,14-03-2018,3,March,2018,Summer,Mar-18,78,7134,1900,90,0,0
713,15-03-2018,15-03-2018,3,March,2018,Summer,Mar-18,84,9306,1900,90,46,0
714,16-03-2018,16-03-2018,3,March,2018,Summer,Mar-18,82,7602,1900,90,0,0
715,17-03-2018,17-03-2018,3,March,2018,Summer,Mar-18,72,7932,1900,90,0,0
716,18-03-2018,18-03-2018,3,March,2018,Summer,Mar-18,74,7920,1900,90,0,0
717,19-03-2018,19-03-2018,3,March,2018,Summer,Mar-18,76,8646,1900,90,0,0
718,20-03-2018,20-03-2018,3,March,2018,Summer,Mar-18,88,6708,1900,90,0,0
719,21-03-2018,21-03-2018,3,March,2018,Summer,Mar-18,94,8166,1900,90,0,0
720,22-03-2018,22-03-2018,3,March,2018,Summer,Mar-18,88,7116,1900,90,0,0
721,23-03-2018,23-03-2018,3,March,2018,Summer,Mar-18,100,7290,1900,90,0,0
722,24-03-2018,24-03-2018,3,March,2018,Summer,Mar-18,84,6612,1900,90,0,0
723,25-03-2018,25-03-2018,3,March,2018,Summer,Mar-18,83,7248,1900,90,0,0
724,26-03-2018,26-03-2018,3,March,2018,Summer,Mar-18,74,7680,1900,90,0,0
725,27-03-2018,27-03-2018,3,March,2018,Summer,Mar-18,70,7470,1900,90,0,0
726,28-03-2018,28-03-2018,3,March,2018,Summer,Mar-18,69,6876,1900,90,0,0
727,29-03-2018,29-03-2018,3,March,2018,Summer,Mar-18,81,8190,1900,90,0,0
728,30-03-2018,30-03-2018,3,March,2018,Summer,Mar-18,89,8526,1900,90,0,0
729,31-03-2018,31-03-2018,3,April,2018,Summer,Mar-18,72,8010,1900,90,0,0
730,01-04-2018,01-04-2018,4,April,2018,Summer,Apr-18,64,9522,1900,90,69,0
731,02-04-2018,02-04-2018,4,April,2018,Summer,Apr-18,58,9642,1900,90,87,0
732,03-04-2018,03-04-2018,4,April,2018,Summer,Apr-18,65,9048,1900,90,0,0
733,04-04-2018,04-04-2018,4,April,2018,Summer,Apr-18,62,10566,1900,90,276,186
734,05-04-2018,05-04-2018,4,April,2018,Summer,Apr-18,65,7932,1900,90,0,0
735,06-04-2018,06-04-2018,4,April,2018,Summer,Apr-18,67,9654,1900,90,98,8
736,07-04-2018,07-04-2018,4,April,2018,Summer,Apr-18,68,8202,1900,90,0,0
737,08-04-2018,08-04-2018,4,April,2018,Summer,Apr-18,70,8268,1900,90,0,0
738,09-04-2018,09-04-2018,4,April,2018,Summer,Apr-18,74,9438,1900,90,62,0
739,10-04-2018,10-04-2018,4,April,2018,Summer,Apr-18,66,8580,1900,90,0,0
740,11-04-2018,11-04-2018,4,April,2018,Summer,Apr-18,70,7686,1900,90,0,0
741,12-04-2018,12-04-2018,4,April,2018,Summer,Apr-18,73,10080,1900,90,189,99
742,13-04-2018,13-04-2018,4,April,2018,Summer,Apr-18,72,8454,1900,90,0,0
743,14-04-2018,14-04-2018,4,April,2018,Summer,Apr-18,64,8490,1900,90,0,0
744,15-04-2018,15-04-2018,4,April,2018,Summer,Apr-18,65,7782,1900,90,0,0
745,16-04-2018,16-04-2018,4,April,2018,Summer,Apr-18,60,8160,1900,90,0,0
746,17-04-2018,17-04-2018,4,April,2018,Summer,Apr-18,56,10068,1900,90,170,80
747,18-04-2018,18-04-2018,4,April,2018,Summer,Apr-18,64,8352,1900,90,0,0
748,19-04-2018,19-04-2018,4,April,2018,Summer,Apr-18,64,7080,1900,90,0,0
749,20-04-2018,20-04-2018,4,April,2018,Summer,Apr-18,61,9534,1900,90,68,0
750,21-04-2018,21-04-2018,4,April,2018,Summer,Apr-18,57,9288,1900,90,15,0
751,22-04-2018,22-04-2018,4,April,2018,Summer,Apr-18,58,8760,1900,90,0,0
752,23-04-2018,23-04-2018,4,April,2018,Summer,Apr-18,57,8136,1900,90,0,0
753,24-04-2018,24-04-2018,4,April,2018,Summer,Apr-18,52,8412,1900,90,0,0
754,25-04-2018,25-04-2018,4,April,2018,Summer,Apr-18,55,9174,1900,90,0,0
755,26-04-2018,26-04-2018,4,April,2018,Summer,Apr-18,58,9522,1900,90,63,0
756,27-04-2018,27-04-2018,4,April,2018,Summer,Apr-18,55,8220,1900,90,0,0
757,28-04-2018,28-04-2018,4,April,2018,Summer,Apr-18,54,8178,1900,90,0,0
758,29-04-2018,29-04-2018,4,April,2018,Summer,Apr-18,55,8412,1900,90,0,0
759,30-04-2018,30-04-2018,4,May,2018,Summer,Apr-18,60,9504,1900,90,61,0
760,01-05-2018,01-05-2018,5,May,2018,Summer,May-18,65,9714,1900,90,108,18
761,02-05-2018,02-05-2018,5,May,2018,Summer,May-18,74,8880,1900,90,0,0
762,03-05-2018,03-05-2018,5,May,2018,Summer,May-18,78,8652,1900,90,0,0
763,04-05-2018,04-05-2018,5,May,2018,Summer,May-18,76,9078,1900,90,0,0
764,05-05-2018,05-05-2018,5,May,2018,Summer,May-18,71,9642,1900,90,100,10
765,06-05-2018,06-05-2018,5,May,2018,Summer,May-18,72,9882,1900,90,149,59
766,07-05-2018,07-05-2018,5,May,2018,Summer,May-18,70,10320,1900,90,234,144
767,08-05-2018,08-05-2018,5,May,2018,Summer,May-18,55,9078,1900,90,0,0
768,09-05-2018,09-05-2018,5,May,2018,Summer,May-18,53,8358,1900,90,0,0
769,10-05-2018,10-05-2018,5,May,2018,Summer,May-18,53,8562,1900,90,0,0
770,11-05-2018,11-05-2018,5,May,2018,Summer,May-18,55,8268,1900,90,0,0
771,12-05-2018,12-05-2018,5,May,2018,Summer,May-18,49,9432,1900,90,36,0
772,13-05-2018,13-05-2018,5,May,2018,Summer,May-18,56,8190,1900,90,0,0
773,14-05-2018,14-05-2018,5,May,2018,Summer,May-18,63,8244,1900,90,0,0
774,15-05-2018,15-05-2018,5,May,2018,Summer,May-18,63,7992,1900,90,0,0
775,16-05-2018,16-05-2018,5,May,2018,Summer,May-18,60,9480,1900,90,56,0
776,17-05-2018,17-05-2018,5,May,2018,Summer,May-18,66,7518,1900,90,0,0
777,18-05-2018,18-05-2018,5,May,2018,Summer,May-18,68,9942,1900,90,157,67
778,19-05-2018,19-05-2018,5,May,2018,Summer,May-18,73,6822,1900,90,0,0
779,20-05-2018,20-05-2018,5,May,2018,Summer,May-18,78,8460,1900,90,0,0
780,21-05-2018,21-05-2018,5,May,2018,Summer,May-18,78,9654,1900,90,109,19
781,22-05-2018,22-05-2018,5,May,2018,Summer,May-18,83,8442,1900,90,0,0
782,23-05-2018,23-05-2018,5,May,2018,Summer,May-18,80,7422,1900,90,0,0
783,24-05-2018,24-05-2018,5,May,2018,Summer,May-18,90,8814,1900,90,0,0
784,25-05-2018,25-05-2018,5,May,2018,Summer,May-18,102,7572,1900,90,0,0
785,26-05-2018,26-05-2018,5,May,2018,Summer,May-18,89,8136,1900,90,0,0
786,27-05-2018,27-05-2018,5,May,2018,Summer,May-18,88,7428,1900,90,0,0
787,28-05-2018,28-05-2018,5,May,2018,Summer,May-18,80,8862,1900,90,0,0
788,29-05-2018,29-05-2018,5,May,2018,Summer,May-18,70,8226,1900,90,0,0
789,30-05-2018,30-05-2018,5,May,2018,Summer,May-18,68,8064,1900,90,0,0
790,31-05-2018,31-05-2018,5,June,2018,Summer,May-18,67,7392,1900,90,0,0
791,01-06-2018,01-06-2018,6,June,2018,Summer,Jun-18,66,10752,1900,90,317,227
792,02-06-2018,02-06-2018,6,June,2018,Summer,Jun-18,60,8766,1900,90,0,0
793,03-06-2018,03-06-2018,6,June,2018,Summer,Jun-18,71,9834,1900,90,138,48
794,04-06-2018,04-06-2018,6,June,2018,Summer,Jun-18,80,11370,1900,90,454,364
795,05-06-2018,05-06-2018,6,June,2018,Summer,Jun-18,71,10020,1900,90,175,85
796,06-06-2018,06-06-2018,6,June,2018,Summer,Jun-18,77,9180,1900,90,13,0
797,07-06-2018,07-06-2018,6,June,2018,Summer,Jun-18,77,8718,1900,90,0,0
798,08-06-2018,08-06-2018,6,June,2018,Summer,Jun-18,78,8208,1900,90,0,0
799,09-06-2018,09-06-2018,6,June,2018,Summer,Jun-18,79,9318,1900,90,43,0
800,10-06-2018,10-06-2018,6,June,2018,Summer,Jun-18,90,7068,1900,90,0,0
801,11-06-2018,11-06-2018,6,June,2018,Summer,Jun-18,78,9012,1900,90,0,0
802,12-06-2018,12-06-2018,6,June,2018,Summer,Jun-18,72,10380,1900,90,248,158
803,13-06-2018,13-06-2018,6,June,2018,Summer,Jun-18,80,10638,1900,90,308,218
804,14-06-2018,14-06-2018,6,June,2018,Summer,Jun-18,78,8826,1900,90,0,0
805,15-06-2018,15-06-2018,6,June,2018,Summer,Jun-18,85,8994,1900,90,0,0
806,16-06-2018,16-06-2018,6,June,2018,Summer,Jun-18,82,8196,1900,90,0,0
807,17-06-2018,17-06-2018,6,June,2018,Summer,Jun-18,89,7488,1900,90,0,0
808,18-06-2018,18-06-2018,6,June,2018,Summer,Jun-18,86,8382,1900,90,0,0
809,19-06-2018,19-06-2018,6,June,2018,Summer,Jun-18,85,10452,1900,90,276,186
810,20-06-2018,20-06-2018,6,June,2018,Summer,Jun-18,90,9060,1900,90,2,0
811,21-06-2018,21-06-2018,6,June,2018,Summer,Jun-18,90,7902,1900,90,0,0
812,22-06-2018,22-06-2018,6,June,2018,Summer,Jun-18,91,7356,1900,90,0,0
813,23-06-2018,23-06-2018,6,June,2018,Summer,Jun-18,86,9600,1900,90,106,16
814,24-06-2018,24-06-2018,6,June,2018,Summer,Jun-18,86,8148,1900,90,0,0
815,25-06-2018,25-06-2018,6,June,2018,Summer,Jun-18,100,10122,1900,90,225,135
816,26-06-2018,26-06-2018,6,June,2018,Summer,Jun-18,85,9948,1900,90,175,85
817,27-06-2018,27-06-2018,6,June,2018,Summer,Jun-18,86,8070,1900,90,0,0
818,28-06-2018,28-06-2018,6,June,2018,Summer,Jun-18,82,9588,1900,90,100,10
819,29-06-2018,29-06-2018,6,June,2018,Summer,Jun-18,89,9510,1900,90,91,1
820,30-06-2018,30-06-2018,6,July,2018,Summer,Jun-18,90,7692,1900,90,0,0
821,01-07-2018,01-07-2018,7,July,2018,Monsoon,Jul-18,81,9240,1900,90,29,0
822,02-07-2018,02-07-2018,7,July,2018,Monsoon,Jul-18,80,10416,1900,90,264,174
823,03-07-2018,03-07-2018,7,July,2018,Monsoon,Jul-18,70,8694,1900,90,0,0
824,04-07-2018,04-07-2018,7,July,2018,Monsoon,Jul-18,60,8844,1900,90,0,0
825,05-07-2018,05-07-2018,7,July,2018,Monsoon,Jul-18,63,8544,1900,90,0,0
826,06-07-2018,06-07-2018,7,July,2018,Monsoon,Jul-18,71,9462,1900,90,64,0
827,07-07-2018,07-07-2018,7,July,2018,Monsoon,Jul-18,72,9420,1900,90,56,0
828,08-07-2018,08-07-2018,7,July,2018,Monsoon,Jul-18,78,8418,1900,90,0,0
829,09-07-2018,09-07-2018,7,July,2018,Monsoon,Jul-18,83,9336,1900,90,51,0
830,10-07-2018,10-07-2018,7,July,2018,Monsoon,Jul-18,78,9768,1900,90,132,42
831,11-07-2018,11-07-2018,7,July,2018,Monsoon,Jul-18,84,9348,1900,90,54,0
832,12-07-2018,12-07-2018,7,July,2018,Monsoon,Jul-18,80,10572,1900,90,295,205
833,13-07-2018,13-07-2018,7,July,2018,Monsoon,Jul-18,66,9300,1900,90,26,0
834,14-07-2018,14-07-2018,7,July,2018,Monsoon,Jul-18,66,10050,1900,90,176,86
835,15-07-2018,15-07-2018,7,July,2018,Monsoon,Jul-18,73,8742,1900,90,0,0
836,16-07-2018,16-07-2018,7,July,2018,Monsoon,Jul-18,70,9960,1900,90,162,72
837,17-07-2018,17-07-2018,7,July,2018,Monsoon,Jul-18,62,9210,1900,90,4,0
838,18-07-2018,18-07-2018,7,July,2018,Monsoon,Jul-18,65,9354,1900,90,36,0
839,19-07-2018,19-07-2018,7,July,2018,Monsoon,Jul-18,75,9378,1900,90,51,0
840,20-07-2018,20-07-2018,7,July,2018,Monsoon,Jul-18,72,7740,1900,90,0,0
841,21-07-2018,21-07-2018,7,July,2018,Monsoon,Jul-18,65,8550,1900,90,0,0
842,22-07-2018,22-07-2018,7,July,2018,Monsoon,Jul-18,62,6978,1900,90,0,0
843,23-07-2018,23-07-2018,7,July,2018,Monsoon,Jul-18,69,8148,1900,90,0,0
844,24-07-2018,24-07-2018,7,July,2018,Monsoon,Jul-18,69,9396,1900,90,49,0
845,25-07-2018,25-07-2018,7,July,2018,Monsoon,Jul-18,69,8586,1900,90,0,0
846,26-07-2018,26-07-2018,7,July,2018,Monsoon,Jul-18,78,8322,1900,90,0,0
847,27-07-2018,27-07-2018,7,July,2018,Monsoon,Jul-18,82,7872,1900,90,0,0
848,28-07-2018,28-07-2018,7,July,2018,Monsoon,Jul-18,77,7110,1900,90,0,0
849,29-07-2018,29-07-2018,7,July,2018,Monsoon,Jul-18,91,8376,1900,90,0,0
850,30-07-2018,30-07-2018,7,July,2018,Monsoon,Jul-18,92,8442,1900,90,0,0
851,31-07-2018,31-07-2018,7,August,2018,Monsoon,Jul-18,87,8394,1900,90,0,0
852,01-08-2018,01-08-2018,8,August,2018,Monsoon,Aug-18,75,9114,1900,90,0,0
853,02-08-2018,02-08-2018,8,August,2018,Monsoon,Aug-18,79,9024,1900,90,0,0
854,03-08-2018,03-08-2018,8,August,2018,Monsoon,Aug-18,77,9780,1900,90,133,43
855,04-08-2018,04-08-2018,8,August,2018,Monsoon,Aug-18,64,8946,1900,90,0,0
856,05-08-2018,05-08-2018,8,August,2018,Monsoon,Aug-18,61,9054,1900,90,0,0
857,06-08-2018,06-08-2018,8,August,2018,Monsoon,Aug-18,68,8322,1900,90,0,0
858,07-08-2018,07-08-2018,8,August,2018,Monsoon,Aug-18,69,9108,1900,90,0,0
859,08-08-2018,08-08-2018,8,August,2018,Monsoon,Aug-18,74,8676,1900,90,0,0
860,09-08-2018,09-08-2018,8,August,2018,Monsoon,Aug-18,75,7926,1900,90,0,0
861,10-08-2018,10-08-2018,8,August,2018,Monsoon,Aug-18,74,8406,1900,90,0,0
862,11-08-2018,11-08-2018,8,August,2018,Monsoon,Aug-18,59,7692,1900,90,0,0
863,12-08-2018,12-08-2018,8,August,2018,Monsoon,Aug-18,63,8070,1900,90,0,0
864,13-08-2018,13-08-2018,8,August,2018,Monsoon,Aug-18,64,8016,1900,90,0,0
865,14-08-2018,14-08-2018,8,August,2018,Monsoon,Aug-18,58,10146,1900,90,188,98
866,15-08-2018,15-08-2018,8,August,2018,Monsoon,Aug-18,53,8304,1900,90,0,0
867,16-08-2018,16-08-2018,8,August,2018,Monsoon,Aug-18,56,9648,1900,90,86,0
868,17-08-2018,17-08-2018,8,August,2018,Monsoon,Aug-18,62,7842,1900,90,0,0
869,18-08-2018,18-08-2018,8,August,2018,Monsoon,Aug-18,66,7470,1900,90,0,0
870,19-08-2018,19-08-2018,8,August,2018,Monsoon,Aug-18,75,9228,1900,90,21,0
871,20-08-2018,20-08-2018,8,August,2018,Monsoon,Aug-18,79,8304,1900,90,0,0
872,21-08-2018,21-08-2018,8,August,2018,Monsoon,Aug-18,71,9996,1900,90,171,81
873,22-08-2018,22-08-2018,8,August,2018,Monsoon,Aug-18,79,9354,1900,90,50,0
874,23-08-2018,23-08-2018,8,August,2018,Monsoon,Aug-18,83,9786,1900,90,141,51
875,24-08-2018,24-08-2018,8,August,2018,Monsoon,Aug-18,89,9072,1900,90,4,0
876,25-08-2018,25-08-2018,8,August,2018,Monsoon,Aug-18,82,9558,1900,90,94,4
877,26-08-2018,26-08-2018,8,August,2018,Monsoon,Aug-18,95,8712,1900,90,0,0
878,27-08-2018,27-08-2018,8,August,2018,Monsoon,Aug-18,90,9138,1900,90,18,0
879,28-08-2018,28-08-2018,8,August,2018,Monsoon,Aug-18,92,8652,1900,90,0,0
880,29-08-2018,29-08-2018,8,August,2018,Monsoon,Aug-18,80,8064,1900,90,0,0
881,30-08-2018,30-08-2018,8,August,2018,Monsoon,Aug-18,77,8244,1900,90,0,0
882,31-08-2018,31-08-2018,8,September,2018,Monsoon,Aug-18,87,9780,1900,90,143,53
883,01-09-2018,01-09-2018,9,September,2018,Monsoon,Sep-18,84,10644,1900,90,313,223
884,02-09-2018,02-09-2018,9,September,2018,Monsoon,Sep-18,83,10002,1900,90,184,94
885,03-09-2018,03-09-2018,9,September,2018,Monsoon,Sep-18,85,10656,1900,90,317,227
886,04-09-2018,04-09-2018,9,September,2018,Monsoon,Sep-18,80,9270,1900,90,34,0
887,05-09-2018,05-09-2018,9,September,2018,Monsoon,Sep-18,82,10752,1900,90,333,243
888,06-09-2018,06-09-2018,9,September,2018,Monsoon,Sep-18,88,9966,1900,90,182,92
889,07-09-2018,07-09-2018,9,September,2018,Monsoon,Sep-18,91,9336,1900,90,59,0
890,08-09-2018,08-09-2018,9,September,2018,Monsoon,Sep-18,85,8970,1900,90,0,0
891,09-09-2018,09-09-2018,9,September,2018,Monsoon,Sep-18,94,8622,1900,90,0,0
892,10-09-2018,10-09-2018,9,September,2018,Monsoon,Sep-18,102,7896,1900,90,0,0
893,11-09-2018,11-09-2018,9,September,2018,Monsoon,Sep-18,90,9504,1900,90,91,1
894,12-09-2018,12-09-2018,9,September,2018,Monsoon,Sep-18,91,9606,1900,90,113,23
895,13-09-2018,13-09-2018,9,September,2018,Monsoon,Sep-18,97,8010,1900,90,0,0
896,14-09-2018,14-09-2018,9,September,2018,Monsoon,Sep-18,100,7662,1900,90,0,0
897,15-09-2018,15-09-2018,9,September,2018,Monsoon,Sep-18,97,7746,1900,90,0,0
898,16-09-2018,16-09-2018,9,September,2018,Monsoon,Sep-18,93,9120,1900,90,17,0
899,17-09-2018,17-09-2018,9,September,2018,Monsoon,Sep-18,90,7680,1900,90,0,0
900,18-09-2018,18-09-2018,9,September,2018,Monsoon,Sep-18,89,8892,1900,90,0,0
901,19-09-2018,19-09-2018,9,September,2018,Monsoon,Sep-18,107,8040,1900,90,0,0
902,20-09-2018,20-09-2018,9,September,2018,Monsoon,Sep-18,116,8784,1900,90,0,0
903,21-09-2018,21-09-2018,9,September,2018,Monsoon,Sep-18,116,9108,1900,90,38,0
904,22-09-2018,22-09-2018,9,September,2018,Monsoon,Sep-18,102,9438,1900,90,90,0
905,23-09-2018,23-09-2018,9,September,2018,Monsoon,Sep-18,104,6420,1900,90,0,0
906,24-09-2018,24-09-2018,9,September,2018,Monsoon,Sep-18,104,8700,1900,90,0,0
907,25-09-2018,25-09-2018,9,September,2018,Monsoon,Sep-18,106,9228,1900,90,52,0
908,26-09-2018,26-09-2018,9,September,2018,Monsoon,Sep-18,104,8364,1900,90,0,0
909,27-09-2018,27-09-2018,9,September,2018,Monsoon,Sep-18,106,7800,1900,90,0,0
910,28-09-2018,28-09-2018,9,September,2018,Monsoon,Sep-18,114,7278,1900,90,0,0
911,29-09-2018,29-09-2018,9,September,2018,Monsoon,Sep-18,100,7224,1900,90,0,0
912,30-09-2018,30-09-2018,9,October,2018,Monsoon,Sep-18,102,7734,1900,90,0,0
913,01-10-2018,01-10-2018,10,October,2018,"Monsoon""Winter",Oct-18,100,9456,1900,90,92,2
914,02-10-2018,02-10-2018,10,October,2018,"Monsoon""Winter",Oct-18,89,9036,1900,90,0,0
915,03-10-2018,03-10-2018,10,October,2018,"Monsoon""Winter",Oct-18,94,8592,1900,90,0,0
916,04-10-2018,04-10-2018,10,October,2018,"Monsoon""Winter",Oct-18,93,10188,1900,90,231,141
917,05-10-2018,05-10-2018,10,October,2018,"Monsoon""Winter",Oct-18,92,8964,1900,90,0,0
918,06-10-2018,06-10-2018,10,October,2018,"Monsoon""Winter",Oct-18,77,7764,1900,90,0,0
919,07-10-2018,07-10-2018,10,October,2018,"Monsoon""Winter",Oct-18,85,7518,1900,90,0,0
920,08-10-2018,08-10-2018,10,October,2018,"Monsoon""Winter",Oct-18,93,9990,1900,90,191,101
921,09-10-2018,09-10-2018,10,October,2018,"Monsoon""Winter",Oct-18,97,9870,1900,90,171,81
922,10-10-2018,10-10-2018,10,October,2018,"Monsoon""Winter",Oct-18,97,7896,1900,90,0,0
923,11-10-2018,11-10-2018,10,October,2018,"Monsoon""Winter",Oct-18,103,7302,1900,90,0,0
924,12-10-2018,12-10-2018,10,October,2018,"Monsoon""Winter",Oct-18,106,7506,1900,90,0,0
925,13-10-2018,13-10-2018,10,October,2018,"Monsoon""Winter",Oct-18,93,9318,1900,90,57,0
926,14-10-2018,14-10-2018,10,October,2018,"Monsoon""Winter",Oct-18,99,8124,1900,90,0,0
927,15-10-2018,15-10-2018,10,October,2018,"Monsoon""Winter",Oct-18,102,7194,1900,90,0,0
928,16-10-2018,16-10-2018,10,October,2018,"Monsoon""Winter",Oct-18,97,9300,1900,90,57,0
929,17-10-2018,17-10-2018,10,October,2018,"Monsoon""Winter",Oct-18,97,9834,1900,90,164,74
930,18-10-2018,18-10-2018,10,October,2018,"Monsoon""Winter",Oct-18,100,8874,1900,90,0,0
931,19-10-2018,19-10-2018,10,October,2018,"Monsoon""Winter",Oct-18,109,6852,1900,90,0,0
932,20-10-2018,20-10-2018,10,October,2018,"Monsoon""Winter",Oct-18,98,6816,1900,90,0,0
933,21-10-2018,21-10-2018,10,October,2018,"Monsoon""Winter",Oct-18,103,8832,1900,90,0,0
934,22-10-2018,22-10-2018,10,October,2018,"Monsoon""Winter",Oct-18,102,7968,1900,90,0,0
935,23-10-2018,23-10-2018,10,October,2018,"Monsoon""Winter",Oct-18,98,9468,1900,90,92,2
936,24-10-2018,24-10-2018,10,October,2018,"Monsoon""Winter",Oct-18,90,7074,1900,90,0,0
937,25-10-2018,25-10-2018,10,October,2018,"Monsoon""Winter",Oct-18,78,7512,1900,90,0,0
938,26-10-2018,26-10-2018,10,October,2018,"Monsoon""Winter",Oct-18,81,7092,1900,90,0,0
939,27-10-2018,27-10-2018,10,October,2018,"Monsoon""Winter",Oct-18,79,8766,1900,90,0,0
940,28-10-2018,28-10-2018,10,October,2018,"Monsoon""Winter",Oct-18,87,7710,1900,90,0,0
941,29-10-2018,29-10-2018,10,October,2018,"Monsoon""Winter",Oct-18,93,7662,1900,90,0,0
942,30-10-2018,30-10-2018,10,October,2018,"Monsoon""Winter",Oct-18,82,7164,1900,90,0,0
943,31-10-2018,31-10-2018,10,November,2018,"Monsoon""Winter",Oct-18,85,8502,1900,90,0,0
944,01-11-2018,01-11-2018,11,November,2018,Winter,Nov-18,77,9174,1900,90,12,0
945,02-11-2018,02-11-2018,11,November,2018,Winter,Nov-18,75,10140,1900,90,203,113
946,03-11-2018,03-11-2018,11,November,2018,Winter,Nov-18,70,7806,1900,90,0,0
947,04-11-2018,04-11-2018,11,November,2018,Winter,Nov-18,72,9168,1900,90,6,0
948,05-11-2018,05-11-2018,11,November,2018,Winter,Nov-18,75,7752,1900,90,0,0
949,06-11-2018,06-11-2018,11,November,2018,Winter,Nov-18,62,9132,1900,90,0,0
950,07-11-2018,07-11-2018,11,November,2018,Winter,Nov-18,57,7638,1900,90,0,0
951,08-11-2018,08-11-2018,11,November,2018,Winter,Nov-18,58,7188,1900,90,0,0
952,09-11-2018,09-11-2018,11,November,2018,Winter,Nov-18,66,7722,1900,90,0,0
953,10-11-2018,10-11-2018,11,November,2018,Winter,Nov-18,60,9150,1900,90,0,0
954,11-11-2018,11-11-2018,11,November,2018,Winter,Nov-18,67,8880,1900,90,0,0
955,12-11-2018,12-11-2018,11,November,2018,Winter,Nov-18,75,7614,1900,90,0,0
956,13-11-2018,13-11-2018,11,November,2018,Winter,Nov-18,63,8322,1900,90,0,0
957,14-11-2018,14-11-2018,11,November,2018,Winter,Nov-18,61,7614,1900,90,0,0
958,15-11-2018,15-11-2018,11,November,2018,Winter,Nov-18,66,7146,1900,90,0,0
959,16-11-2018,16-11-2018,11,November,2018,Winter,Nov-18,78,6558,1900,90,0,0
960,17-11-2018,17-11-2018,11,November,2018,Winter,Nov-18,71,6882,1900,90,0,0
961,18-11-2018,18-11-2018,11,November,2018,Winter,Nov-18,74,8610,1900,90,0,0
962,19-11-2018,19-11-2018,11,November,2018,Winter,Nov-18,88,9120,1900,90,12,0
963,20-11-2018,20-11-2018,11,November,2018,Winter,Nov-18,79,7200,1900,90,0,0
964,21-11-2018,21-11-2018,11,November,2018,Winter,Nov-18,72,8034,1900,90,0,0
965,22-11-2018,22-11-2018,11,November,2018,Winter,Nov-18,72,9060,1900,90,0,0
966,23-11-2018,23-11-2018,11,November,2018,Winter,Nov-18,73,6690,1900,90,0,0
967,24-11-2018,24-11-2018,11,November,2018,Winter,Nov-18,63,7812,1900,90,0,0
968,25-11-2018,25-11-2018,11,November,2018,Winter,Nov-18,74,7740,1900,90,0,0
969,26-11-2018,26-11-2018,11,November,2018,Winter,Nov-18,72,8046,1900,90,0,0
970,27-11-2018,27-11-2018,11,November,2018,Winter,Nov-18,81,6810,1900,90,0,0
971,28-11-2018,28-11-2018,11,November,2018,Winter,Nov-18,78,8598,1900,90,0,0
972,29-11-2018,29-11-2018,11,November,2018,Winter,Nov-18,78,7716,1900,90,0,0
973,30-11-2018,30-11-2018,11,December,2018,Winter,Nov-18,91,7518,1900,90,0,0
974,01-12-2018,01-12-2018,12,December,2018,#VALUE!,Dec-18,72,9678,1900,90,108,18
975,02-12-2018,02-12-2018,12,December,2018,#VALUE!,Dec-18,79,7812,1900,90,0,0
976,03-12-2018,03-12-2018,12,December,2018,#VALUE!,Dec-18,88,9486,1900,90,86,0
977,04-12-2018,04-12-2018,12,December,2018,#VALUE!,Dec-18,90,7896,1900,90,0,0
978,05-12-2018,05-12-2018,12,December,2018,#VALUE!,Dec-18,85,8076,1900,90,0,0
979,06-12-2018,06-12-2018,12,December,2018,#VALUE!,Dec-18,81,8220,1900,90,0,0
980,07-12-2018,07-12-2018,12,December,2018,#VALUE!,Dec-18,84,8268,1900,90,0,0
981,08-12-2018,08-12-2018,12,December,2018,#VALUE!,Dec-18,73,8292,1900,90,0,0
982,09-12-2018,09-12-2018,12,December,2018,#VALUE!,Dec-18,74,6024,1900,90,0,0
983,10-12-2018,10-12-2018,12,December,2018,#VALUE!,Dec-18,87,8616,1900,90,0,0
984,11-12-2018,11-12-2018,12,December,2018,#VALUE!,Dec-18,88,6942,1900,90,0,0
985,12-12-2018,12-12-2018,12,December,2018,#VALUE!,Dec-18,95,6516,1900,90,0,0
986,13-12-2018,13-12-2018,12,December,2018,#VALUE!,Dec-18,101,8010,1900,90,0,0
987,14-12-2018,14-12-2018,12,December,2018,#VALUE!,Dec-18,85,6552,1900,90,0,0
988,15-12-2018,15-12-2018,12,December,2018,#VALUE!,Dec-18,72,6102,1900,90,0,0
989,16-12-2018,16-12-2018,12,December,2018,#VALUE!,Dec-18,83,5850,1900,90,0,0
990,17-12-2018,17-12-2018,12,December,2018,#VALUE!,Dec-18,94,8532,1900,90,0,0
991,18-12-2018,18-12-2018,12,December,2018,#VALUE!,Dec-18,94,8238,1900,90,0,0
992,19-12-2018,19-12-2018,12,December,2018,#VALUE!,Dec-18,100,8982,1900,90,0,0
993,20-12-2018,20-12-2018,12,December,2018,#VALUE!,Dec-18,95,7620,1900,90,0,0
994,21-12-2018,21-12-2018,12,December,2018,#VALUE!,Dec-18,106,5844,1900,90,0,0
995,22-12-2018,22-12-2018,12,December,2018,#VALUE!,Dec-18,85,5904,1900,90,0,0
996,23-12-2018,23-12-2018,12,December,2018,#VALUE!,Dec-18,76,6684,1900,90,0,0
997,24-12-2018,24-12-2018,12,December,2018,#VALUE!,Dec-18,59,7392,1900,90,0,0
998,25-12-2018,25-12-2018,12,December,2018,#VALUE!,Dec-18,58,7008,1900,90,0,0
999,26-12-2018,26-12-2018,12,December,2018,#VALUE!,Dec-18,63,6744,1900,90,0,0
1000,27-12-2018,27-12-2018,12,December,2018,#VALUE!,Dec-18,74,8316,1900,90,0,0
1001,28-12-2018,28-12-2018,12,December,2018,#VALUE!,Dec-18,78,8652,1900,90,0,0
1002,29-12-2018,29-12-2018,12,December,2018,#VALUE!,Dec-18,76,6006,1900,90,0,0
1003,30-12-2018,30-12-2018,12,December,2018,#VALUE!,Dec-18,78,6120,1900,90,0,0
1004,31-12-2018,31-12-2018,12,January,2018,#VALUE!,Dec-18,75,6318,1900,90,0,0
1005,01-01-2019,01-01-2019,1,January,2019,Winter,Jan-19,57,8382,1900,90,0,0
1006,02-01-2019,02-01-2019,1,January,2019,Winter,Jan-19,82,9672,1900,90,117,27
1007,03-01-2019,03-01-2019,1,January,2019,Winter,Jan-19,83,7404,1900,90,0,0
1008,04-01-2019,04-01-2019,1,January,2019,Winter,Jan-19,83,9240,1900,90,31,0
1009,05-01-2019,05-01-2019,1,January,2019,Winter,Jan-19,73,7746,1900,90,0,0
1010,06-01-2019,06-01-2019,1,January,2019,Winter,Jan-19,75,7266,1900,90,0,0
1011,07-01-2019,07-01-2019,1,January,2019,Winter,Jan-19,78,6798,1900,90,0,0
1012,08-01-2019,08-01-2019,1,January,2019,Winter,Jan-19,79,8952,1900,90,0,0
1013,09-01-2019,09-01-2019,1,January,2019,Winter,Jan-19,81,8934,1900,90,0,0
1014,10-01-2019,10-01-2019,1,January,2019,Winter,Jan-19,74,8454,1900,90,0,0
1015,11-01-2019,11-01-2019,1,January,2019,Winter,Jan-19,85,8544,1900,90,0,0
1016,12-01-2019,12-01-2019,1,January,2019,Winter,Jan-19,71,7824,1900,90,0,0
1017,13-01-2019,13-01-2019,1,January,2019,Winter,Jan-19,71,7002,1900,90,0,0
1018,14-01-2019,14-01-2019,1,January,2019,Winter,Jan-19,75,8118,1900,90,0,0
1019,15-01-2019,15-01-2019,1,January,2019,Winter,Jan-19,71,7152,1900,90,0,0
1020,16-01-2019,16-01-2019,1,January,2019,Winter,Jan-19,72,9240,1900,90,20,0
1021,17-01-2019,17-01-2019,1,January,2019,Winter,Jan-19,75,7332,1900,90,0,0
1022,18-01-2019,18-01-2019,1,January,2019,Winter,Jan-19,71,7254,1900,90,0,0
1023,19-01-2019,19-01-2019,1,January,2019,Winter,Jan-19,58,8166,1900,90,0,0
1024,20-01-2019,20-01-2019,1,January,2019,Winter,Jan-19,70,7440,1900,90,0,0
1025,21-01-2019,21-01-2019,1,January,2019,Winter,Jan-19,72,8430,1900,90,0,0
1026,22-01-2019,22-01-2019,1,January,2019,Winter,Jan-19,72,8196,1900,90,0,0
1027,23-01-2019,23-01-2019,1,January,2019,Winter,Jan-19,72,8850,1900,90,0,0
1028,24-01-2019,24-01-2019,1,January,2019,Winter,Jan-19,73,6258,1900,90,0,0
1029,25-01-2019,25-01-2019,1,January,2019,Winter,Jan-19,71,7284,1900,90,0,0
1030,26-01-2019,26-01-2019,1,January,2019,Winter,Jan-19,69,5760,1900,90,0,0
1031,27-01-2019,27-01-2019,1,January,2019,Winter,Jan-19,70,7512,1900,90,0,0
1032,28-01-2019,28-01-2019,1,January,2019,Winter,Jan-19,80,8994,1900,90,0,0
1033,29-01-2019,29-01-2019,1,January,2019,Winter,Jan-19,74,8532,1900,90,0,0
1034,30-01-2019,30-01-2019,1,January,2019,Winter,Jan-19,76,6354,1900,90,0,0
1035,31-01-2019,31-01-2019,1,February,2019,Winter,Jan-19,85,6276,1900,90,0,0
1036,01-02-2019,01-02-2019,2,February,2019,Winter,Feb-19,75,8292,1900,90,0,0
1037,02-02-2019,02-02-2019,2,February,2019,Winter,Feb-19,56,7512,1900,90,0,0
1038,03-02-2019,03-02-2019,2,February,2019,Winter,Feb-19,51,9012,1900,90,0,0
1039,04-02-2019,04-02-2019,2,February,2019,Winter,Feb-19,58,10710,1900,90,300,210
1040,05-02-2019,05-02-2019,2,February,2019,Winter,Feb-19,49,9204,1900,90,0,0
1041,06-02-2019,06-02-2019,2,February,2019,Winter,Feb-19,57,8994,1900,90,0,0
1042,07-02-2019,07-02-2019,2,February,2019,Winter,Feb-19,61,9984,1900,90,158,68
1043,08-02-2019,08-02-2019,2,February,2019,Winter,Feb-19,54,8226,1900,90,0,0
1044,09-02-2019,09-02-2019,2,February,2019,Winter,Feb-19,49,6924,1900,90,0,0
1045,10-02-2019,10-02-2019,2,February,2019,Winter,Feb-19,51,7566,1900,90,0,0
1046,11-02-2019,11-02-2019,2,February,2019,Winter,Feb-19,55,7656,1900,90,0,0
1047,12-02-2019,12-02-2019,2,February,2019,Winter,Feb-19,57,8508,1900,90,0,0
1048,13-02-2019,13-02-2019,2,February,2019,Winter,Feb-19,62,7302,1900,90,0,0
1049,14-02-2019,14-02-2019,2,February,2019,Winter,Feb-19,55,7086,1900,90,0,0
1050,15-02-2019,15-02-2019,2,February,2019,Winter,Feb-19,64,7002,1900,90,0,0
1051,16-02-2019,16-02-2019,2,February,2019,Winter,Feb-19,68,9036,1900,90,0,0
1052,17-02-2019,17-02-2019,2,February,2019,Winter,Feb-19,80,6126,1900,90,0,0
1053,18-02-2019,18-02-2019,2,February,2019,Winter,Feb-19,81,7764,1900,90,0,0
1054,19-02-2019,19-02-2019,2,February,2019,Winter,Feb-19,81,7638,1900,90,0,0
1055,20-02-2019,20-02-2019,2,February,2019,Winter,Feb-19,80,6972,1900,90,0,0
1056,21-02-2019,21-02-2019,2,February,2019,Winter,Feb-19,82,9480,1900,90,78,0
1057,22-02-2019,22-02-2019,2,February,2019,Winter,Feb-19,85,9318,1900,90,49,0
1058,23-02-2019,23-02-2019,2,February,2019,Winter,Feb-19,69,9042,1900,90,0,0
1059,24-02-2019,24-02-2019,2,February,2019,Winter,Feb-19,71,6384,1900,90,0,0
1060,25-02-2019,25-02-2019,2,February,2019,Winter,Feb-19,72,9324,1900,90,37,0
1061,26-02-2019,26-02-2019,2,February,2019,Winter,Feb-19,68,8568,1900,90,0,0
1062,27-02-2019,27-02-2019,2,February,2019,Winter,Feb-19,67,9522,1900,90,72,0
1063,28-02-2019,28-02-2019,2,March,2019,Winter,Feb-19,57,6762,1900,90,0,0
1064,01-03-2019,01-03-2019,3,March,2019,Summer,Mar-19,60,10608,1900,90,282,192
1065,02-03-2019,02-03-2019,3,March,2019,Summer,Mar-19,60,10620,1900,90,284,194
1066,03-03-2019,03-03-2019,3,March,2019,Summer,Mar-19,65,10026,1900,90,171,81
1067,04-03-2019,04-03-2019,3,March,2019,Summer,Mar-19,67,9906,1900,90,149,59
1068,05-03-2019,05-03-2019,3,March,2019,Summer,Mar-19,62,9312,1900,90,25,0
1069,06-03-2019,06-03-2019,3,March,2019,Summer,Mar-19,66,8112,1900,90,0,0
1070,07-03-2019,07-03-2019,3,March,2019,Summer,Mar-19,59,9684,1900,90,96,6
1071,08-03-2019,08-03-2019,3,March,2019,Summer,Mar-19,56,9018,1900,90,0,0
1072,09-03-2019,09-03-2019,3,March,2019,Summer,Mar-19,51,8826,1900,90,0,0
1073,10-03-2019,10-03-2019,3,March,2019,Summer,Mar-19,55,7254,1900,90,0,0
1074,11-03-2019,11-03-2019,3,March,2019,Summer,Mar-19,58,8394,1900,90,0,0
1075,12-03-2019,12-03-2019,3,March,2019,Summer,Mar-19,62,9348,1900,90,32,0
1076,13-03-2019,13-03-2019,3,March,2019,Summer,Mar-19,70,10536,1900,90,278,188
1077,14-03-2019,14-03-2019,3,March,2019,Summer,Mar-19,74,9120,1900,90,0,0
1078,15-03-2019,15-03-2019,3,March,2019,Summer,Mar-19,66,7944,1900,90,0,0
1079,16-03-2019,16-03-2019,3,March,2019,Summer,Mar-19,55,9906,1900,90,137,47
1080,17-03-2019,17-03-2019,3,March,2019,Summer,Mar-19,66,8616,1900,90,0,0
1081,18-03-2019,18-03-2019,3,March,2019,Summer,Mar-19,69,7608,1900,90,0,0
1082,19-03-2019,19-03-2019,3,March,2019,Summer,Mar-19,74,9768,1900,90,128,38
1083,20-03-2019,20-03-2019,3,March,2019,Summer,Mar-19,75,10080,1900,90,191,101
1084,21-03-2019,21-03-2019,3,March,2019,Summer,Mar-19,77,9660,1900,90,109,19
1085,22-03-2019,22-03-2019,3,March,2019,Summer,Mar-19,71,8742,1900,90,0,0
1086,23-03-2019,23-03-2019,3,March,2019,Summer,Mar-19,68,7386,1900,90,0,0
1087,24-03-2019,24-03-2019,3,March,2019,Summer,Mar-19,75,9294,1900,90,34,0
1088,25-03-2019,25-03-2019,3,March,2019,Summer,Mar-19,83,8724,1900,90,0,0
1089,26-03-2019,26-03-2019,3,March,2019,Summer,Mar-19,78,10008,1900,90,180,90
1090,27-03-2019,27-03-2019,3,March,2019,Summer,Mar-19,85,7446,1900,90,0,0
1091,28-03-2019,28-03-2019,3,March,2019,Summer,Mar-19,88,9996,1900,90,188,98
1092,29-03-2019,29-03-2019,3,March,2019,Summer,Mar-19,91,8076,1900,90,0,0
1093,30-03-2019,30-03-2019,3,March,2019,Summer,Mar-19,83,7356,1900,90,0,0
1094,31-03-2019,31-03-2019,3,April,2019,Summer,Mar-19,90,7134,1900,90,0,0
1095,01-04-2019,01-04-2019,4,April,2019,Summer,Apr-19,85,11850,1900,90,555,465
1096,02-04-2019,02-04-2019,4,April,2019,Summer,Apr-19,81,10920,1900,90,365,275
1097,03-04-2019,03-04-2019,4,April,2019,Summer,Apr-19,79,11328,1900,90,445,355
1098,04-04-2019,04-04-2019,4,April,2019,Summer,Apr-19,75,10260,1900,90,227,137
1099,05-04-2019,05-04-2019,4,April,2019,Summer,Apr-19,67,9444,1900,90,56,0
1100,06-04-2019,06-04-2019,4,April,2019,Summer,Apr-19,57,9900,1900,90,137,47
1101,07-04-2019,07-04-2019,4,April,2019,Summer,Apr-19,67,8034,1900,90,0,0
1102,08-04-2019,08-04-2019,4,April,2019,Summer,Apr-19,80,9786,1900,90,138,48
1103,09-04-2019,09-04-2019,4,April,2019,Summer,Apr-19,70,10050,1900,90,180,90
1104,10-04-2019,10-04-2019,4,April,2019,Summer,Apr-19,68,10638,1900,90,296,206
1105,11-04-2019,11-04-2019,4,April,2019,Summer,Apr-19,68,9036,1900,90,0,0
1106,12-04-2019,12-04-2019,4,April,2019,Summer,Apr-19,71,8256,1900,90,0,0
1107,13-04-2019,13-04-2019,4,April,2019,Summer,Apr-19,65,9264,1900,90,18,0
1108,14-04-2019,14-04-2019,4,April,2019,Summer,Apr-19,70,7188,1900,90,0,0
1109,15-04-2019,15-04-2019,4,April,2019,Summer,Apr-19,71,10746,1900,90,321,231
1110,16-04-2019,16-04-2019,4,April,2019,Summer,Apr-19,71,8286,1900,90,0,0
1111,17-04-2019,17-04-2019,4,April,2019,Summer,Apr-19,73,9072,1900,90,0,0
1112,18-04-2019,18-04-2019,4,April,2019,Summer,Apr-19,81,9522,1900,90,86,0
1113,19-04-2019,19-04-2019,4,April,2019,Summer,Apr-19,81,9312,1900,90,44,0
1114,20-04-2019,20-04-2019,4,April,2019,Summer,Apr-19,77,10008,1900,90,179,89
1115,21-04-2019,21-04-2019,4,April,2019,Summer,Apr-19,78,9588,1900,90,96,6
1116,22-04-2019,22-04-2019,4,April,2019,Summer,Apr-19,81,8058,1900,90,0,0
1117,23-04-2019,23-04-2019,4,April,2019,Summer,Apr-19,89,10218,1900,90,233,143
1118,24-04-2019,24-04-2019,4,April,2019,Summer,Apr-19,91,10692,1900,90,330,240
1119,25-04-2019,25-04-2019,4,April,2019,Summer,Apr-19,82,8862,1900,90,0,0
1120,26-04-2019,26-04-2019,4,April,2019,Summer,Apr-19,80,8532,1900,90,0,0
1121,27-04-2019,27-04-2019,4,April,2019,Summer,Apr-19,79,8670,1900,90,0,0
1122,28-04-2019,28-04-2019,4,April,2019,Summer,Apr-19,80,7314,1900,90,0,0
1123,29-04-2019,29-04-2019,4,April,2019,Summer,Apr-19,80,9192,1900,90,19,0
1124,30-04-2019,30-04-2019,4,May,2019,Summer,Apr-19,76,10296,1900,90,236,146
1125,01-05-2019,01-05-2019,5,May,2019,Summer,May-19,69,10494,1900,90,268,178
1126,02-05-2019,02-05-2019,5,May,2019,Summer,May-19,70,9606,1900,90,92,2
1127,03-05-2019,03-05-2019,5,May,2019,Summer,May-19,74,11742,1900,90,523,433
1128,04-05-2019,04-05-2019,5,May,2019,Summer,May-19,66,11334,1900,90,433,343
1129,05-05-2019,05-05-2019,5,May,2019,Summer,May-19,75,10044,1900,90,184,94
1130,06-05-2019,06-05-2019,5,May,2019,Summer,May-19,67,10464,1900,90,260,170
1131,07-05-2019,07-05-2019,5,May,2019,Summer,May-19,78,10944,1900,90,367,277
1132,08-05-2019,08-05-2019,5,May,2019,Summer,May-19,80,10368,1900,90,254,164
1133,09-05-2019,09-05-2019,5,May,2019,Summer,May-19,76,9648,1900,90,106,16
1134,10-05-2019,10-05-2019,5,May,2019,Summer,May-19,80,10638,1900,90,308,218
1135,11-05-2019,11-05-2019,5,May,2019,Summer,May-19,69,8454,1900,90,0,0
1136,12-05-2019,12-05-2019,5,May,2019,Summer,May-19,78,8040,1900,90,0,0
1137,13-05-2019,13-05-2019,5,May,2019,Summer,May-19,82,10698,1900,90,322,232
1138,14-05-2019,14-05-2019,5,May,2019,Summer,May-19,81,9480,1900,90,77,0
1139,15-05-2019,15-05-2019,5,May,2019,Summer,May-19,81,9528,1900,90,87,0
1140,16-05-2019,16-05-2019,5,May,2019,Summer,May-19,81,10866,1900,90,355,265
1141,17-05-2019,17-05-2019,5,May,2019,Summer,May-19,88,8790,1900,90,0,0
1142,18-05-2019,18-05-2019,5,May,2019,Summer,May-19,72,10524,1900,90,277,187
1143,19-05-2019,19-05-2019,5,May,2019,Summer,May-19,78,8316,1900,90,0,0
1144,20-05-2019,20-05-2019,5,May,2019,Summer,May-19,84,9102,1900,90,5,0
1145,21-05-2019,21-05-2019,5,May,2019,Summer,May-19,66,8664,1900,90,0,0
1146,22-05-2019,22-05-2019,5,May,2019,Summer,May-19,76,9480,1900,90,72,0
1147,23-05-2019,23-05-2019,5,May,2019,Summer,May-19,86,8544,1900,90,0,0
1148,24-05-2019,24-05-2019,5,May,2019,Summer,May-19,81,8814,1900,90,0,0
1149,25-05-2019,25-05-2019,5,May,2019,Summer,May-19,76,9846,1900,90,146,56
1150,26-05-2019,26-05-2019,5,May,2019,Summer,May-19,83,9882,1900,90,160,70
1151,27-05-2019,27-05-2019,5,#VALUE!,2019,Summer,May-19,77,8790,1900,90,0,0
